SI,SI,SI,SI,SI,SI,SI,SI,SI,SI,SI,SI,SI,SI,SI,SI,SI,SI,SI,SI,SI,SI,SI,SI,SI,SI,SI,SI,SI,SI
SIF,SIF,SIF,SIF,SIF,SIF,SIF,SIF,SIF,SIF,SIF,SIF,SIF,SIF,SIF,SIF,SIF,SIF,SIF,SIF,SIF,SIF,SIF,SIF,SIF,SIF,SIF,SIF,SIF,SIF
SIF,SIF,SIF,SIF,SIF,SIF,SIF,SIF,SIF,SIF,SIF,SIF,SIF,SIF,SIF,SIF,SIF,SIF,SIF,SIF,SIF,SIF,SIF,SIF,SIF,SIF,SIF,SIF,SIF,SIF
SIF,SIF,SIF,SIF,SIF,SIF,SIF,SIF,SIF,SIF,SIF,SIF,SIF,SIF,SIF,SIF,SIF,SIF,SIF,SIF,SIF,SIF,SIF,SIF,SIF,SIF,SIF,SIF,SIF,SIF
SIF,SIF,SIF,SIF,SIF,SIF,SIF,SIF,SIF,SIF,SIF,SIF,SIF,SIF,SIF,SIF,SIF,SIF,SIF,SIF,SIF,SIF,SIF,SIF,SIF,SIF,SIF,SIF,SIF,SIF
SIF,SIF,SIF,SIF,SIF,SIF,SIF,SIF,SIF,SIF,SIF,SIF,SIF,SIF,SIF,SIF,SIF,SIF,SIF,SIF,SIF,SIF,SIF,SIF,SIF,SIF,SIF,SIF,SIF,SIF
SIF,SIF,SIF,SIF,SIF,SIF,SIF,SIF,SIF,SIF,SIF,SIF,SIF,SIF,SIF,SIF,SIF,SIF,SIF,SIF,SIF,SIF,SIF,SIF,SIF,SIF,SIF,SIF,SIF,SIF
SIF,SIF,SIF,SIF,SIF,SIF,SIF,SIF,SIF,SIF,SIF,SIF,SIF,SIF,SIF,SIF,SIF,SIF,SIF,SIF,SIF,SIF,SIF,SIF,SIF,SIF,SIF,SIF,SIF,SIF
SIF,SIF,SIF,SIF,SIF,SIF,SIF,SIF,SIF,SIF,SIF,SIF,SIF,SIF,SIF,SIF,SIF,SIF,SIF,SIF,SIF,SIF,SIF,SIF,SIF,SIF,SIF,SIF,SIF,SIF
SIF,SIF,SIF,SIF,SIF,SIF,SIF,SIF,SIF,SIF,SIF,SIF,SIF,SIF,SIF,SIF,SIF,SIF,SIF,SIF,SIF,SIF,SIF,SIF,SIF,SIF,SIF,SIF,SIF,SIF
SIF,SIF,SIF,SIF,SIF,SIF,SIF,SIF,SIF,SIF,SIF,SIF,SIF,SIF,SIF,SIF,SIF,SIF,SIF,SIF,SIF,SIF,SIF,SIF,SIF,SIF,SIF,SIF,SIF,SIF
SIF,SIF,SIF,SIF,SIF,SIF,SIF,SIF,SIF,SIF,SIF,SIF,SIF,SIF,SIF,SIF,SIF,SIF,SIF,SIF,SIF,SIF,SIF,SIF,SIF,SIF,SIF,SIF,SIF,SIF
SIF,SIF,SIF,SIF,SIF,SIF,SIF,SIF,SIF,SIF,SIF,SIF,SIF,SIF,SIF,SIF,SIF,SIF,SIF,SIF,SIF,SIF,SIF,SIF,SIF,SIF,SIF,SIF,SIF,SIF
SIF,SIF,SIF,SIF,SIF,SIF,SIF,SIF,SIF,SIF,SIF,SIF,SIF,SIF,SIF,SIF,SIF,SIF,SIF,SIF,SIF,SIF,SIF,SIF,SIF,SIF,SIF,SIF,SIF,SIF
SIF,SIF,SIF,SIF,SIF,SIF,SIF,SIF,SIF,SIF,SIF,SIF,SIF,SIF,SIF,SIF,SIF,SIF,SIF,SIF,SIF,SIF,SIF,SIF,SIF,SIF,SIF,SIF,SIF,SIF
SIF,SIF,SIF,SIF,SIF,SIF,SIF,SIF,SIF,SIF,SIF,SIF,SIF,SIF,SIF,SIF,SIF,SIF,SIF,SIF,SIF,SIF,SIF,SIF,SIF,SIF,SIF,SIF,SIF,SIF
SIF,SIF,SIF,SIF,SIF,SIF,SIF,SIF,SIF,SIF,SIF,SIF,SIF,SIF,SIF,SIF,SIF,SIF,SIF,SIF,SIF,SIF,SIF,SIF,SIF,SIF,SIF,SIF,SIF,SIF
SIF,SIF,SIF,SIF,SIF,SIF,SIF,SIF,SIF,SIF,SIF,SIF,SIF,SIF,SIF,SIF,SIF,SIF,SIF,SIF,SIF,SIF,SIF,SIF,SIF,SIF,SIF,SIF,SIF,SIF
SIF,SIF,SIF,SIF,SIF,SIF,SIF,SIF,SIF,SIF,SIF,SIF,SIF,SIF,SIF,SIF,SIF,SIF,SIF,SIF,SIF,SIF,SIF,SIF,SIF,SIF,SIF,SIF,SIF,SIF
SIF,SIF,SIF,SIF,SIF,SIF,SIF,SIF,SIF,SIF,SIF,SIF,SIF,SIF,SIF,SIF,SIF,SIF,SIF,SIF,SIF,SIF,SIF,SIF,SIF,SIF,SIF,SIF,SIF,SIF
SIF,SIF,SIF,SIF,SIF,SIF,SIF,SIF,SIF,SIF,SIF,SIF,SIF,SIF,SIF,SIF,SIF,SIF,SIF,SIF,SIF,SIF,SIF,SIF,SIF,SIF,SIF,SIF,SIF,SIF
SIF,SIF,SIF,SIF,SIF,SIF,SIF,SIF,SIF,SIF,SIF,SIF,SIF,SIF,SIF,SIF,SIF,SIF,SIF,SIF,SIF,SIF,SIF,SIF,SIF,SIF,SIF,SIF,SIF,SIF
SIF,SIF,SIF,SIF,SIF,SIF,SIF,SIF,SIF,SIF,SIF,SIF,SIF,SIF,SIF,SIF,SIF,SIF,SIF,SIF,SIF,SIF,SIF,SIF,SIF,SIF,SIF,SIF,SIF,SIF
SIF,SIF,SIF,SIF,SIF,SIF,SIF,SIF,SIF,SIF,SIF,SIF,SIF,SIF,SIF,SIF,SIF,SIF,SIF,SIF,SIF,SIF,SIF,SIF,SIF,SIF,SIF,SIF,SIF,SIF
SIF,SIF,SIF,SIF,SIF,SIF,SIF,SIF,SIF,SIF,SIF,SIF,SIF,SIF,SIF,SIF,SIF,SIF,SIF,SIF,SIF,SIF,SIF,SIF,SIF,SIF,SIF,SIF,SIF,SIF
SIF,SIF,SIF,SIF,SIF,SIF,SIF,SIF,SIF,SIF,SIF,SIF,SIF,SIF,SIF,SIF,SIF,SIF,SIF,SIF,SIF,SIF,SIF,SIF,SIF,SIF,SIF,SIF,SIF,SIF
SIF,SIF,SIF,SIF,SIF,SIF,SIF,SIF,SIF,SIF,SIF,SIF,SIF,SIF,SIF,SIF,SIF,SIF,SIF,SIF,SIF,SIF,SIF,SIF,SIF,SIF,SIF,SIF,SIF,SIF
SIF,SIF,SIF,SIF,SIF,SIF,SIF,SIF,SIF,SIF,SIF,SIF,SIF,SIF,SIF,SIF,SIF,SIF,SIF,SIF,SIF,SIF,SIF,SIF,SIF,SIF,SIF,SIF,SIF,SIF
SIF,SIF,SIF,SIF,SIF,SIF,SIF,SIF,SIF,SIF,SIF,SIF,SIF,SIF,SIF,SIF,SIF,SIF,SIF,SIF,SIF,SIF,SIF,SIF,SIF,SIF,SIF,SIF,SIF,SIF
SIF,SIF,SIF,SIF,SIF,SIF,SIF,SIF,SIF,SIF,SIF,SIF,SIF,SIF,SIF,SIF,SIF,SIF,SIF,SIF,SIF,SIF,SIF,SIF,SIF,SIF,SIF,SIF,SIF,SIF
MASK,MASK,MASK,MASK,MASK,MASK,MASK,MASK,MASK,MASK,VACUUM,VACUUM,VACUUM,VACUUM,VACUUM,VACUUM,VACUUM,VACUUM,VACUUM,VACUUM,MASK,MASK,MASK,MASK,MASK,MASK,MASK,MASK,MASK,MASK
VACUUM,VACUUM,VACUUM,VACUUM,VACUUM,VACUUM,VACUUM,VACUUM,VACUUM,VACUUM,VACUUM,VACUUM,VACUUM,VACUUM,VACUUM,VACUUM,VACUUM,VACUUM,VACUUM,VACUUM,VACUUM,VACUUM,VACUUM,VACUUM,VACUUM,VACUUM,VACUUM,VACUUM,VACUUM,VACUUM
VACUUM,VACUUM,VACUUM,VACUUM,VACUUM,VACUUM,VACUUM,VACUUM,VACUUM,VACUUM,VACUUM,VACUUM,VACUUM,VACUUM,VACUUM,VACUUM,VACUUM,VACUUM,VACUUM,VACUUM,VACUUM,VACUUM,VACUUM,VACUUM,VACUUM,VACUUM,VACUUM,VACUUM,VACUUM,VACUUM
VACUUM,VACUUM,VACUUM,VACUUM,VACUUM,VACUUM,VACUUM,VACUUM,VACUUM,VACUUM,VACUUM,VACUUM,VACUUM,VACUUM,VACUUM,VACUUM,VACUUM,VACUUM,VACUUM,VACUUM,VACUUM,VACUUM,VACUUM,VACUUM,VACUUM,VACUUM,VACUUM,VACUUM,VACUUM,VACUUM
VACUUM,VACUUM,VACUUM,VACUUM,VACUUM,VACUUM,VACUUM,VACUUM,VACUUM,VACUUM,VACUUM,VACUUM,VACUUM,VACUUM,VACUUM,VACUUM,VACUUM,VACUUM,VACUUM,VACUUM,VACUUM,VACUUM,VACUUM,VACUUM,VACUUM,VACUUM,VACUUM,VACUUM,VACUUM,VACUUM
VACUUM,VACUUM,VACUUM,VACUUM,VACUUM,VACUUM,VACUUM,VACUUM,VACUUM,VACUUM,VACUUM,VACUUM,VACUUM,VACUUM,VACUUM,VACUUM,VACUUM,VACUUM,VACUUM,VACUUM,VACUUM,VACUUM,VACUUM,VACUUM,VACUUM,VACUUM,VACUUM,VACUUM,VACUUM,VACUUM
VACUUM,VACUUM,VACUUM,VACUUM,VACUUM,VACUUM,VACUUM,VACUUM,VACUUM,VACUUM,VACUUM,VACUUM,VACUUM,VACUUM,VACUUM,VACUUM,VACUUM,VACUUM,VACUUM,VACUUM,VACUUM,VACUUM,VACUUM,VACUUM,VACUUM,VACUUM,VACUUM,VACUUM,VACUUM,VACUUM
VACUUM,VACUUM,VACUUM,VACUUM,VACUUM,VACUUM,VACUUM,VACUUM,VACUUM,VACUUM,VACUUM,VACUUM,VACUUM,VACUUM,VACUUM,VACUUM,VACUUM,VACUUM,VACUUM,VACUUM,VACUUM,VACUUM,VACUUM,VACUUM,VACUUM,VACUUM,VACUUM,VACUUM,VACUUM,VACUUM
VACUUM,VACUUM,VACUUM,VACUUM,VACUUM,VACUUM,VACUUM,VACUUM,VACUUM,VACUUM,VACUUM,VACUUM,VACUUM,VACUUM,VACUUM,VACUUM,VACUUM,VACUUM,VACUUM,VACUUM,VACUUM,VACUUM,VACUUM,VACUUM,VACUUM,VACUUM,VACUUM,VACUUM,VACUUM,VACUUM
VACUUM,VACUUM,VACUUM,VACUUM,VACUUM,VACUUM,VACUUM,VACUUM,VACUUM,VACUUM,VACUUM,VACUUM,VACUUM,VACUUM,VACUUM,VACUUM,VACUUM,VACUUM,VACUUM,VACUUM,VACUUM,VACUUM,VACUUM,VACUUM,VACUUM,VACUUM,VACUUM,VACUUM,VACUUM,VACUUM
VACUUM,VACUUM,VACUUM,VACUUM,VACUUM,VACUUM,VACUUM,VACUUM,VACUUM,VACUUM,VACUUM,VACUUM,VACUUM,VACUUM,VACUUM,VACUUM,VACUUM,VACUUM,VACUUM,VACUUM,VACUUM,VACUUM,VACUUM,VACUUM,VACUUM,VACUUM,VACUUM,VACUUM,VACUUM,VACUUM
VACUUM,VACUUM,VACUUM,VACUUM,VACUUM,VACUUM,VACUUM,VACUUM,VACUUM,VACUUM,VACUUM,VACUUM,VACUUM,VACUUM,VACUUM,VACUUM,VACUUM,VACUUM,VACUUM,VACUUM,VACUUM,VACUUM,VACUUM,VACUUM,VACUUM,VACUUM,VACUUM,VACUUM,VACUUM,VACUUM
VACUUM,VACUUM,VACUUM,VACUUM,VACUUM,VACUUM,VACUUM,VACUUM,VACUUM,VACUUM,VACUUM,VACUUM,VACUUM,VACUUM,VACUUM,VACUUM,VACUUM,VACUUM,VACUUM,VACUUM,VACUUM,VACUUM,VACUUM,VACUUM,VACUUM,VACUUM,VACUUM,VACUUM,VACUUM,VACUUM
VACUUM,VACUUM,VACUUM,VACUUM,VACUUM,VACUUM,VACUUM,VACUUM,VACUUM,VACUUM,VACUUM,VACUUM,VACUUM,VACUUM,VACUUM,VACUUM,VACUUM,VACUUM,VACUUM,VACUUM,VACUUM,VACUUM,VACUUM,VACUUM,VACUUM,VACUUM,VACUUM,VACUUM,VACUUM,VACUUM
VACUUM,VACUUM,VACUUM,VACUUM,VACUUM,VACUUM,VACUUM,VACUUM,VACUUM,VACUUM,VACUUM,VACUUM,VACUUM,VACUUM,VACUUM,VACUUM,VACUUM,VACUUM,VACUUM,VACUUM,VACUUM,VACUUM,VACUUM,VACUUM,VACUUM,VACUUM,VACUUM,VACUUM,VACUUM,VACUUM
VACUUM,VACUUM,VACUUM,VACUUM,VACUUM,VACUUM,VACUUM,VACUUM,VACUUM,VACUUM,VACUUM,VACUUM,VACUUM,VACUUM,VACUUM,VACUUM,VACUUM,VACUUM,VACUUM,VACUUM,VACUUM,VACUUM,VACUUM,VACUUM,VACUUM,VACUUM,VACUUM,VACUUM,VACUUM,VACUUM
VACUUM,VACUUM,VACUUM,VACUUM,VACUUM,VACUUM,VACUUM,VACUUM,VACUUM,VACUUM,VACUUM,VACUUM,VACUUM,VACUUM,VACUUM,VACUUM,VACUUM,VACUUM,VACUUM,VACUUM,VACUUM,VACUUM,VACUUM,VACUUM,VACUUM,VACUUM,VACUUM,VACUUM,VACUUM,VACUUM
VACUUM,VACUUM,VACUUM,VACUUM,VACUUM,VACUUM,VACUUM,VACUUM,VACUUM,VACUUM,VACUUM,VACUUM,VACUUM,VACUUM,VACUUM,VACUUM,VACUUM,VACUUM,VACUUM,VACUUM,VACUUM,VACUUM,VACUUM,VACUUM,VACUUM,VACUUM,VACUUM,VACUUM,VACUUM,VACUUM
VACUUM,VACUUM,VACUUM,VACUUM,VACUUM,VACUUM,VACUUM,VACUUM,VACUUM,VACUUM,VACUUM,VACUUM,VACUUM,VACUUM,VACUUM,VACUUM,VACUUM,VACUUM,VACUUM,VACUUM,VACUUM,VACUUM,VACUUM,VACUUM,VACUUM,VACUUM,VACUUM,VACUUM,VACUUM,VACUUM
VACUUM,VACUUM,VACUUM,VACUUM,VACUUM,VACUUM,VACUUM,VACUUM,VACUUM,VACUUM,VACUUM,VACUUM,VACUUM,VACUUM,VACUUM,VACUUM,VACUUM,VACUUM,VACUUM,VACUUM,VACUUM,VACUUM,VACUUM,VACUUM,VACUUM,VACUUM,VACUUM,VACUUM,VACUUM,VACUUM
VACUUM,VACUUM,VACUUM,VACUUM,VACUUM,VACUUM,VACUUM,VACUUM,VACUUM,VACUUM,VACUUM,VACUUM,VACUUM,VACUUM,VACUUM,VACUUM,VACUUM,VACUUM,VACUUM,VACUUM,VACUUM,VACUUM,VACUUM,VACUUM,VACUUM,VACUUM,VACUUM,VACUUM,VACUUM,VACUUM
VACUUM,VACUUM,VACUUM,VACUUM,VACUUM,VACUUM,VACUUM,VACUUM,VACUUM,VACUUM,VACUUM,VACUUM,VACUUM,VACUUM,VACUUM,VACUUM,VACUUM,VACUUM,VACUUM,VACUUM,VACUUM,VACUUM,VACUUM,VACUUM,VACUUM,VACUUM,VACUUM,VACUUM,VACUUM,VACUUM
VACUUM,VACUUM,VACUUM,VACUUM,VACUUM,VACUUM,VACUUM,VACUUM,VACUUM,VACUUM,VACUUM,VACUUM,VACUUM,VACUUM,VACUUM,VACUUM,VACUUM,VACUUM,VACUUM,VACUUM,VACUUM,VACUUM,VACUUM,VACUUM,VACUUM,VACUUM,VACUUM,VACUUM,VACUUM,VACUUM
VACUUM,VACUUM,VACUUM,VACUUM,VACUUM,VACUUM,VACUUM,VACUUM,VACUUM,VACUUM,VACUUM,VACUUM,VACUUM,VACUUM,VACUUM,VACUUM,VACUUM,VACUUM,VACUUM,VACUUM,VACUUM,VACUUM,VACUUM,VACUUM,VACUUM,VACUUM,VACUUM,VACUUM,VACUUM,VACUUM
VACUUM,VACUUM,VACUUM,VACUUM,VACUUM,VACUUM,VACUUM,VACUUM,VACUUM,VACUUM,VACUUM,VACUUM,VACUUM,VACUUM,VACUUM,VACUUM,VACUUM,VACUUM,VACUUM,VACUUM,VACUUM,VACUUM,VACUUM,VACUUM,VACUUM,VACUUM,VACUUM,VACUUM,VACUUM,VACUUM
VACUUM,VACUUM,VACUUM,VACUUM,VACUUM,VACUUM,VACUUM,VACUUM,VACUUM,VACUUM,VACUUM,VACUUM,VACUUM,VACUUM,VACUUM,VACUUM,VACUUM,VACUUM,VACUUM,VACUUM,VACUUM,VACUUM,VACUUM,VACUUM,VACUUM,VACUUM,VACUUM,VACUUM,VACUUM,VACUUM
VACUUM,VACUUM,VACUUM,VACUUM,VACUUM,VACUUM,VACUUM,VACUUM,VACUUM,VACUUM,VACUUM,VACUUM,VACUUM,VACUUM,VACUUM,VACUUM,VACUUM,VACUUM,VACUUM,VACUUM,VACUUM,VACUUM,VACUUM,VACUUM,VACUUM,VACUUM,VACUUM,VACUUM,VACUUM,VACUUM
VACUUM,VACUUM,VACUUM,VACUUM,VACUUM,VACUUM,VACUUM,VACUUM,VACUUM,VACUUM,VACUUM,VACUUM,VACUUM,VACUUM,VACUUM,VACUUM,VACUUM,VACUUM,VACUUM,VACUUM,VACUUM,VACUUM,VACUUM,VACUUM,VACUUM,VACUUM,VACUUM,VACUUM,VACUUM,VACUUM
VACUUM,VACUUM,VACUUM,VACUUM,VACUUM,VACUUM,VACUUM,VACUUM,VACUUM,VACUUM,VACUUM,VACUUM,VACUUM,VACUUM,VACUUM,VACUUM,VACUUM,VACUUM,VACUUM,VACUUM,VACUUM,VACUUM,VACUUM,VACUUM,VACUUM,VACUUM,VACUUM,VACUUM,VACUUM,VACUUM
VACUUM,VACUUM,VACUUM,VACUUM,VACUUM,VACUUM,VACUUM,VACUUM,VACUUM,VACUUM,VACUUM,VACUUM,VACUUM,VACUUM,VACUUM,VACUUM,VACUUM,VACUUM,VACUUM,VACUUM,VACUUM,VACUUM,VACUUM,VACUUM,VACUUM,VACUUM,VACUUM,VACUUM,VACUUM,VACUUM
