SI,SI,SI,SI,SI,SI,SI,SI,SI,SI,SI,SI,SI,SI,SI,SI,SI,SI,SI,SI,SI,SI,SI,SI,SI,SI,SI,SI,SI,SI,SI,SI,SI,SI,SI,SI,SI,SI,SI,SI,SI,SI,SI,SI,SI,SI,SI,SI,SI,SI,SI,SI,SI,SI,SI,SI,SI,SI,SI,SI,SI,SI,SI,SI,SI,SI,SI,SI,SI,SI,SI,SI,SI,SI,SI,SI,SI,SI,SI,SI,SI,SI,SI,SI,SI,SI,SI,SI,SI,SI,SI,SI,SI,SI,SI,SI,SI,SI,SI,SI,SI,SI,SI,SI,SI,SI,SI,SI,SI,SI,SI,SI,SI,SI,SI,SI,SI,SI,SI,SI,SI,SI,SI,SI,SI,SI,SI,SI,SI,SI,SI,SI,SI,SI,SI,SI,SI,SI,SI,SI,SI,SI,SI,SI,SI,SI,SI,SI,SI,SI,SI,SI,SI,SI,SI,SI,SI,SI,SI,SI,SI,SI,SI,SI,SI,SI,SI,SI,SI,SI,SI,SI,SI,SI,SI,SI,SI,SI,SI,SI
SI,SI,SI,SI,SI,SI,SI,SI,SI,SI,SI,SI,SI,SI,SI,SI,SI,SI,SI,SI,SI,SI,SI,SI,SI,SI,SI,SI,SI,SI,SI,SI,SI,SI,SI,SI,SI,SI,SI,SI,SI,SI,SI,SI,SI,SI,SI,SI,SI,SI,SI,SI,SI,SI,SI,SI,SI,SI,SI,SI,SI,SI,SI,SI,SI,SI,SI,SI,SI,SI,SI,SI,SI,SI,SI,SI,SI,SI,SI,SI,SI,SI,SI,SI,SI,SI,SIF2,VACUUM,VACUUM,VACUUM,VACUUM,VACUUM,VACUUM,VACUUM,VACUUM,VACUUM,VACUUM,VACUUM,VACUUM,VACUUM,VACUUM,VACUUM,VACUUM,VACUUM,VACUUM,VACUUM,VACUUM,VACUUM,VACUUM,VACUUM,VACUUM,VACUUM,VACUUM,VACUUM,VACUUM,VACUUM,VACUUM,VACUUM,VACUUM,VACUUM,VACUUM,VACUUM,VACUUM,VACUUM,SI,SI,SI,SI,SI,SI,SI,SI,SI,SI,SI,SI,SI,SI,SI,SI,SI,SI,SI,SI,SI,SI,SI,SI,SI,SI,SI,SI,SI,SI,SI,SI,SI,SI,SI,SI,SI,SI,SI,SI,SI,SI,SI,SI,SI,SI,SI,SI,SI,SI,SI,SI,SI,SI,SI,SI
SI,SI,SI,SI,SI,SI,SI,SI,SI,SI,SI,SI,SI,SI,SI,SI,SI,SI,SI,SI,SI,SI,SI,SI,SI,SI,SI,SI,SI,SI,SI,SI,SI,SI,SI,SI,SI,SI,SI,SI,SI,SI,SI,SI,SI,SI,SI,SI,SI,SI,SI,SI,SI,SI,SI,SI,SI,SI,SI,SI,SI,SI,SI,SI,SI,SI,SI,SI,SI,SI,SI,SI,SI,SI,SI,SI,SI,SI,SI,SI,SI,SI,SI,SI,SI,VACUUM,VACUUM,VACUUM,VACUUM,VACUUM,VACUUM,VACUUM,VACUUM,VACUUM,VACUUM,VACUUM,VACUUM,VACUUM,VACUUM,VACUUM,VACUUM,VACUUM,VACUUM,VACUUM,VACUUM,VACUUM,VACUUM,VACUUM,VACUUM,VACUUM,VACUUM,VACUUM,VACUUM,VACUUM,VACUUM,VACUUM,VACUUM,VACUUM,VACUUM,VACUUM,VACUUM,VACUUM,VACUUM,VACUUM,SIF,SI,SI,SI,SI,SI,SI,SI,SI,SI,SI,SI,SI,SI,SI,SI,SI,SI,SI,SI,SI,SI,SI,SI,SI,SI,SI,SI,SI,SI,SI,SI,SI,SI,SI,SI,SI,SI,SI,SI,SI,SI,SI,SI,SI,SI,SI,SI,SI,SI,SI,SI,SI,SI,SI,SI
SI,SI,SI,SI,SI,SI,SI,SI,SI,SI,SI,SI,SI,SI,SI,SI,SI,SI,SI,SI,SI,SI,SI,SI,SI,SI,SI,SI,SI,SI,SI,SI,SI,SI,SI,SI,SI,SI,SI,SI,SI,SI,SI,SI,SI,SI,SI,SI,SI,SI,SI,SI,SI,SI,SI,SI,SI,SI,SI,SI,SI,SI,SI,SI,SI,SI,SI,SI,SI,SI,SI,SI,SI,SI,SI,SI,SI,SI,SI,SI,SI,SI,SI,SI,SIF,VACUUM,VACUUM,VACUUM,VACUUM,VACUUM,VACUUM,VACUUM,VACUUM,VACUUM,VACUUM,VACUUM,VACUUM,VACUUM,VACUUM,VACUUM,VACUUM,VACUUM,VACUUM,VACUUM,VACUUM,VACUUM,VACUUM,VACUUM,VACUUM,VACUUM,VACUUM,VACUUM,VACUUM,VACUUM,VACUUM,VACUUM,VACUUM,VACUUM,VACUUM,VACUUM,VACUUM,VACUUM,VACUUM,VACUUM,VACUUM,SIF,SI,SI,SI,SI,SI,SI,SI,SI,SI,SI,SI,SI,SI,SI,SI,SI,SI,SI,SI,SI,SI,SI,SI,SI,SI,SI,SI,SI,SI,SI,SI,SI,SI,SI,SI,SI,SI,SI,SI,SI,SI,SI,SI,SI,SI,SI,SI,SI,SI,SI,SI,SI,SI,SI
SI,SI,SI,SI,SI,SI,SI,SI,SI,SI,SI,SI,SI,SI,SI,SI,SI,SI,SI,SI,SI,SI,SI,SI,SI,SI,SI,SI,SI,SI,SI,SI,SI,SI,SI,SI,SI,SI,SI,SI,SI,SI,SI,SI,SI,SI,SI,SI,SI,SI,SI,SI,SI,SI,SI,SI,SI,SI,SI,SI,SI,SI,SI,SI,SI,SI,SI,SI,SI,SI,SI,SI,SI,SI,SI,SI,SI,SI,SI,SI,SI,SI,SI,SIF,VACUUM,VACUUM,VACUUM,VACUUM,VACUUM,VACUUM,VACUUM,VACUUM,VACUUM,VACUUM,VACUUM,VACUUM,VACUUM,VACUUM,VACUUM,VACUUM,VACUUM,VACUUM,VACUUM,VACUUM,VACUUM,VACUUM,VACUUM,VACUUM,VACUUM,VACUUM,VACUUM,VACUUM,VACUUM,VACUUM,VACUUM,VACUUM,VACUUM,VACUUM,VACUUM,VACUUM,VACUUM,VACUUM,VACUUM,VACUUM,VACUUM,VACUUM,SI,SI,SI,SI,SI,SI,SI,SI,SI,SI,SI,SI,SI,SI,SI,SI,SI,SI,SI,SI,SI,SI,SI,SI,SI,SI,SI,SI,SI,SI,SI,SI,SI,SI,SI,SI,SI,SI,SI,SI,SI,SI,SI,SI,SI,SI,SI,SI,SI,SI,SI,SI,SI,SI
SI,SI,SI,SI,SI,SI,SI,SI,SI,SI,SI,SI,SI,SI,SI,SI,SI,SI,SI,SI,SI,SI,SI,SI,SI,SI,SI,SI,SI,SI,SI,SI,SI,SI,SI,SI,SI,SI,SI,SI,SI,SI,SI,SI,SI,SI,SI,SI,SI,SI,SI,SI,SI,SI,SI,SI,SI,SI,SI,SI,SI,SI,SI,SI,SI,SI,SI,SI,SI,SI,SI,SI,SI,SI,SI,SI,SI,SI,SI,SI,SIF,SIF2,VACUUM,VACUUM,VACUUM,VACUUM,VACUUM,VACUUM,VACUUM,VACUUM,VACUUM,VACUUM,VACUUM,VACUUM,VACUUM,VACUUM,VACUUM,VACUUM,VACUUM,VACUUM,VACUUM,VACUUM,VACUUM,VACUUM,VACUUM,VACUUM,VACUUM,VACUUM,VACUUM,VACUUM,VACUUM,VACUUM,VACUUM,VACUUM,VACUUM,VACUUM,VACUUM,VACUUM,VACUUM,VACUUM,VACUUM,VACUUM,VACUUM,VACUUM,VACUUM,VACUUM,VACUUM,SI,SI,SI,SI,SI,SI,SI,SI,SI,SI,SI,SI,SI,SI,SI,SI,SI,SI,SI,SI,SI,SI,SI,SI,SI,SI,SI,SI,SI,SI,SI,SI,SI,SI,SI,SI,SI,SI,SI,SI,SI,SI,SI,SI,SI,SI,SI,SI,SI,SI,SI,SI,SI
SI,SI,SI,SI,SI,SI,SI,SI,SI,SI,SI,SI,SI,SI,SI,SI,SI,SI,SI,SI,SI,SI,SI,SI,SI,SI,SI,SI,SI,SI,SI,SI,SI,SI,SI,SI,SI,SI,SI,SI,SI,SI,SI,SI,SI,SI,SI,SI,SI,SI,SI,SI,SI,SI,SI,SI,SI,SI,SI,SI,SI,SI,SI,SI,SI,SI,SI,SI,SI,SI,SI,SI,SI,SI,SI,SI,SI,SI,SI,SIF2,VACUUM,VACUUM,VACUUM,VACUUM,VACUUM,VACUUM,VACUUM,VACUUM,VACUUM,VACUUM,VACUUM,VACUUM,VACUUM,VACUUM,VACUUM,VACUUM,VACUUM,VACUUM,VACUUM,VACUUM,VACUUM,VACUUM,VACUUM,VACUUM,VACUUM,VACUUM,VACUUM,VACUUM,VACUUM,VACUUM,VACUUM,VACUUM,VACUUM,VACUUM,VACUUM,VACUUM,VACUUM,VACUUM,VACUUM,VACUUM,VACUUM,VACUUM,VACUUM,VACUUM,VACUUM,VACUUM,VACUUM,SIF,SI,SI,SI,SI,SI,SI,SI,SI,SI,SI,SI,SI,SI,SI,SI,SI,SI,SI,SI,SI,SI,SI,SI,SI,SI,SI,SI,SI,SI,SI,SI,SI,SI,SI,SI,SI,SI,SI,SI,SI,SI,SI,SI,SI,SI,SI,SI,SI,SI,SI,SI,SI
SI,SI,SI,SI,SI,SI,SI,SI,SI,SI,SI,SI,SI,SI,SI,SI,SI,SI,SI,SI,SI,SI,SI,SI,SI,SI,SI,SI,SI,SI,SI,SI,SI,SI,SI,SI,SI,SI,SI,SI,SI,SI,SI,SI,SI,SI,SI,SI,SI,SI,SI,SI,SI,SI,SI,SI,SI,SI,SI,SI,SI,SI,SI,SI,SI,SI,SI,SI,SI,SI,SI,SI,SI,SI,SI,SI,SI,SI,SIF2,VACUUM,VACUUM,VACUUM,VACUUM,VACUUM,VACUUM,VACUUM,VACUUM,VACUUM,VACUUM,VACUUM,VACUUM,VACUUM,VACUUM,VACUUM,VACUUM,VACUUM,VACUUM,VACUUM,VACUUM,VACUUM,VACUUM,VACUUM,VACUUM,VACUUM,VACUUM,VACUUM,VACUUM,VACUUM,VACUUM,VACUUM,VACUUM,VACUUM,VACUUM,VACUUM,VACUUM,VACUUM,VACUUM,VACUUM,VACUUM,VACUUM,VACUUM,VACUUM,VACUUM,VACUUM,VACUUM,VACUUM,VACUUM,VACUUM,SI,SI,SI,SI,SI,SI,SI,SI,SI,SI,SI,SI,SI,SI,SI,SI,SI,SI,SI,SI,SI,SI,SI,SI,SI,SI,SI,SI,SI,SI,SI,SI,SI,SI,SI,SI,SI,SI,SI,SI,SI,SI,SI,SI,SI,SI,SI,SI,SI,SI,SI,SI
SI,SI,SI,SI,SI,SI,SI,SI,SI,SI,SI,SI,SI,SI,SI,SI,SI,SI,SI,SI,SI,SI,SI,SI,SI,SI,SI,SI,SI,SI,SI,SI,SI,SI,SI,SI,SI,SI,SI,SI,SI,SI,SI,SI,SI,SI,SI,SI,SI,SI,SI,SI,SI,SI,SI,SI,SI,SI,SI,SI,SI,SI,SI,SI,SI,SI,SI,SI,SI,SI,SI,SI,SI,SI,SI,SI,SI,SI,VACUUM,VACUUM,VACUUM,VACUUM,VACUUM,VACUUM,VACUUM,VACUUM,VACUUM,VACUUM,VACUUM,VACUUM,VACUUM,VACUUM,VACUUM,VACUUM,VACUUM,VACUUM,VACUUM,VACUUM,VACUUM,VACUUM,VACUUM,VACUUM,VACUUM,VACUUM,VACUUM,VACUUM,VACUUM,VACUUM,VACUUM,VACUUM,VACUUM,VACUUM,VACUUM,VACUUM,VACUUM,VACUUM,VACUUM,VACUUM,VACUUM,VACUUM,VACUUM,VACUUM,VACUUM,VACUUM,VACUUM,VACUUM,VACUUM,VACUUM,SIF2,SI,SI,SI,SI,SI,SI,SI,SI,SI,SI,SI,SI,SI,SI,SI,SI,SI,SI,SI,SI,SI,SI,SI,SI,SI,SI,SI,SI,SI,SI,SI,SI,SI,SI,SI,SI,SI,SI,SI,SI,SI,SI,SI,SI,SI,SI,SI,SI,SI,SI,SI
SI,SI,SI,SI,SI,SI,SI,SI,SI,SI,SI,SI,SI,SI,SI,SI,SI,SI,SI,SI,SI,SI,SI,SI,SI,SI,SI,SI,SI,SI,SI,SI,SI,SI,SI,SI,SI,SI,SI,SI,SI,SI,SI,SI,SI,SI,SI,SI,SI,SI,SI,SI,SI,SI,SI,SI,SI,SI,SI,SI,SI,SI,SI,SI,SI,SI,SI,SI,SI,SI,SI,SI,SI,SI,SI,SI,VACUUM,VACUUM,VACUUM,VACUUM,VACUUM,VACUUM,VACUUM,VACUUM,VACUUM,VACUUM,VACUUM,VACUUM,VACUUM,VACUUM,VACUUM,VACUUM,VACUUM,VACUUM,VACUUM,VACUUM,VACUUM,VACUUM,VACUUM,VACUUM,VACUUM,VACUUM,VACUUM,VACUUM,VACUUM,VACUUM,VACUUM,VACUUM,VACUUM,VACUUM,VACUUM,VACUUM,VACUUM,VACUUM,VACUUM,VACUUM,VACUUM,VACUUM,VACUUM,VACUUM,VACUUM,VACUUM,VACUUM,VACUUM,VACUUM,VACUUM,VACUUM,VACUUM,SIF3,SI,SI,SI,SI,SI,SI,SI,SI,SI,SI,SI,SI,SI,SI,SI,SI,SI,SI,SI,SI,SI,SI,SI,SI,SI,SI,SI,SI,SI,SI,SI,SI,SI,SI,SI,SI,SI,SI,SI,SI,SI,SI,SI,SI,SI,SI,SI,SI,SI,SI,SI
SI,SI,SI,SI,SI,SI,SI,SI,SI,SI,SI,SI,SI,SI,SI,SI,SI,SI,SI,SI,SI,SI,SI,SI,SI,SI,SI,SI,SI,SI,SI,SI,SI,SI,SI,SI,SI,SI,SI,SI,SI,SI,SI,SI,SI,SI,SI,SI,SI,SI,SI,SI,SI,SI,SI,SI,SI,SI,SI,SI,SI,SI,SI,SI,SI,SI,SI,SI,SI,SI,SI,SI,SI,SI,SI,SIF3,VACUUM,VACUUM,VACUUM,VACUUM,VACUUM,VACUUM,VACUUM,VACUUM,VACUUM,VACUUM,VACUUM,VACUUM,VACUUM,VACUUM,VACUUM,VACUUM,VACUUM,VACUUM,VACUUM,VACUUM,VACUUM,VACUUM,VACUUM,VACUUM,VACUUM,VACUUM,VACUUM,VACUUM,VACUUM,VACUUM,VACUUM,VACUUM,VACUUM,VACUUM,VACUUM,VACUUM,VACUUM,VACUUM,VACUUM,VACUUM,VACUUM,VACUUM,VACUUM,VACUUM,VACUUM,VACUUM,VACUUM,VACUUM,VACUUM,VACUUM,VACUUM,VACUUM,VACUUM,SIF,SI,SI,SI,SI,SI,SI,SI,SI,SI,SI,SI,SI,SI,SI,SI,SI,SI,SI,SI,SI,SI,SI,SI,SI,SI,SI,SI,SI,SI,SI,SI,SI,SI,SI,SI,SI,SI,SI,SI,SI,SI,SI,SI,SI,SI,SI,SI,SI,SI,SI
SI,SI,SI,SI,SI,SI,SI,SI,SI,SI,SI,SI,SI,SI,SI,SI,SI,SI,SI,SI,SI,SI,SI,SI,SI,SI,SI,SI,SI,SI,SI,SI,SI,SI,SI,SI,SI,SI,SI,SI,SI,SI,SI,SI,SI,SI,SI,SI,SI,SI,SI,SI,SI,SI,SI,SI,SI,SI,SI,SI,SI,SI,SI,SI,SI,SI,SI,SI,SI,SI,SI,SI,SI,SI,SIF2,VACUUM,VACUUM,VACUUM,VACUUM,VACUUM,VACUUM,VACUUM,VACUUM,VACUUM,VACUUM,VACUUM,VACUUM,VACUUM,VACUUM,VACUUM,VACUUM,VACUUM,VACUUM,VACUUM,VACUUM,VACUUM,VACUUM,VACUUM,VACUUM,VACUUM,VACUUM,VACUUM,VACUUM,VACUUM,VACUUM,VACUUM,VACUUM,VACUUM,VACUUM,VACUUM,VACUUM,VACUUM,VACUUM,VACUUM,VACUUM,VACUUM,VACUUM,VACUUM,VACUUM,VACUUM,VACUUM,VACUUM,VACUUM,VACUUM,VACUUM,VACUUM,VACUUM,VACUUM,VACUUM,SIF3,SI,SI,SI,SI,SI,SI,SI,SI,SI,SI,SI,SI,SI,SI,SI,SI,SI,SI,SI,SI,SI,SI,SI,SI,SI,SI,SI,SI,SI,SI,SI,SI,SI,SI,SI,SI,SI,SI,SI,SI,SI,SI,SI,SI,SI,SI,SI,SI,SI,SI
SI,SI,SI,SI,SI,SI,SI,SI,SI,SI,SI,SI,SI,SI,SI,SI,SI,SI,SI,SI,SI,SI,SI,SI,SI,SI,SI,SI,SI,SI,SI,SI,SI,SI,SI,SI,SI,SI,SI,SI,SI,SI,SI,SI,SI,SI,SI,SI,SI,SI,SI,SI,SI,SI,SI,SI,SI,SI,SI,SI,SI,SI,SI,SI,SI,SI,SI,SI,SI,SI,SI,SI,SI,SIF2,VACUUM,VACUUM,VACUUM,VACUUM,VACUUM,VACUUM,VACUUM,VACUUM,VACUUM,VACUUM,VACUUM,VACUUM,VACUUM,VACUUM,VACUUM,VACUUM,VACUUM,VACUUM,VACUUM,VACUUM,VACUUM,VACUUM,VACUUM,VACUUM,VACUUM,VACUUM,VACUUM,VACUUM,VACUUM,VACUUM,VACUUM,VACUUM,VACUUM,VACUUM,VACUUM,VACUUM,VACUUM,VACUUM,VACUUM,VACUUM,VACUUM,VACUUM,VACUUM,VACUUM,VACUUM,VACUUM,VACUUM,VACUUM,VACUUM,VACUUM,VACUUM,VACUUM,VACUUM,VACUUM,VACUUM,SIF2,SI,SI,SI,SI,SI,SI,SI,SI,SI,SI,SI,SI,SI,SI,SI,SI,SI,SI,SI,SI,SI,SI,SI,SI,SI,SI,SI,SI,SI,SI,SI,SI,SI,SI,SI,SI,SI,SI,SI,SI,SI,SI,SI,SI,SI,SI,SI,SI,SI,SI
SI,SI,SI,SI,SI,SI,SI,SI,SI,SI,SI,SI,SI,SI,SI,SI,SI,SI,SI,SI,SI,SI,SI,SI,SI,SI,SI,SI,SI,SI,SI,SI,SI,SI,SI,SI,SI,SI,SI,SI,SI,SI,SI,SI,SI,SI,SI,SI,SI,SI,SI,SI,SI,SI,SI,SI,SI,SI,SI,SI,SI,SI,SI,SI,SI,SI,SI,SI,SI,SI,SI,SI,SIF,VACUUM,VACUUM,VACUUM,VACUUM,VACUUM,VACUUM,VACUUM,VACUUM,VACUUM,VACUUM,VACUUM,VACUUM,VACUUM,VACUUM,VACUUM,VACUUM,VACUUM,VACUUM,VACUUM,VACUUM,VACUUM,VACUUM,VACUUM,VACUUM,VACUUM,VACUUM,VACUUM,VACUUM,VACUUM,VACUUM,VACUUM,VACUUM,VACUUM,VACUUM,VACUUM,VACUUM,VACUUM,VACUUM,VACUUM,VACUUM,VACUUM,VACUUM,VACUUM,VACUUM,VACUUM,VACUUM,VACUUM,VACUUM,VACUUM,VACUUM,VACUUM,VACUUM,VACUUM,VACUUM,VACUUM,VACUUM,VACUUM,SI,SI,SI,SI,SI,SI,SI,SI,SI,SI,SI,SI,SI,SI,SI,SI,SI,SI,SI,SI,SI,SI,SI,SI,SI,SI,SI,SI,SI,SI,SI,SI,SI,SI,SI,SI,SI,SI,SI,SI,SI,SI,SI,SI,SI,SI,SI,SI,SI,SI
SI,SI,SI,SI,SI,SI,SI,SI,SI,SI,SI,SI,SI,SI,SI,SI,SI,SI,SI,SI,SI,SI,SI,SI,SI,SI,SI,SI,SI,SI,SI,SI,SI,SI,SI,SI,SI,SI,SI,SI,SI,SI,SI,SI,SI,SI,SI,SI,SI,SI,SI,SI,SI,SI,SI,SI,SI,SI,SI,SI,SI,SI,SI,SI,SI,SI,SI,SI,SI,SI,SI,SIF2,VACUUM,VACUUM,VACUUM,VACUUM,VACUUM,VACUUM,VACUUM,VACUUM,VACUUM,VACUUM,VACUUM,VACUUM,VACUUM,VACUUM,VACUUM,VACUUM,VACUUM,VACUUM,VACUUM,VACUUM,VACUUM,VACUUM,VACUUM,VACUUM,VACUUM,VACUUM,VACUUM,VACUUM,VACUUM,VACUUM,VACUUM,VACUUM,VACUUM,VACUUM,VACUUM,VACUUM,VACUUM,VACUUM,VACUUM,VACUUM,VACUUM,VACUUM,VACUUM,VACUUM,VACUUM,VACUUM,VACUUM,VACUUM,VACUUM,VACUUM,VACUUM,VACUUM,VACUUM,VACUUM,VACUUM,VACUUM,VACUUM,VACUUM,SIF,SI,SI,SI,SI,SI,SI,SI,SI,SI,SI,SI,SI,SI,SI,SI,SI,SI,SI,SI,SI,SI,SI,SI,SI,SI,SI,SI,SI,SI,SI,SI,SI,SI,SI,SI,SI,SI,SI,SI,SI,SI,SI,SI,SI,SI,SI,SI,SI,SI
SI,SI,SI,SI,SI,SI,SI,SI,SI,SI,SI,SI,SI,SI,SI,SI,SI,SI,SI,SI,SI,SI,SI,SI,SI,SI,SI,SI,SI,SI,SI,SI,SI,SI,SI,SI,SI,SI,SI,SI,SI,SI,SI,SI,SI,SI,SI,SI,SI,SI,SI,SI,SI,SI,SI,SI,SI,SI,SI,SI,SI,SI,SI,SI,SI,SI,SI,SI,SI,SI,SI,VACUUM,VACUUM,VACUUM,VACUUM,VACUUM,VACUUM,VACUUM,VACUUM,VACUUM,VACUUM,VACUUM,VACUUM,VACUUM,VACUUM,VACUUM,VACUUM,VACUUM,VACUUM,VACUUM,VACUUM,VACUUM,VACUUM,VACUUM,VACUUM,VACUUM,VACUUM,VACUUM,VACUUM,VACUUM,VACUUM,VACUUM,VACUUM,VACUUM,VACUUM,VACUUM,VACUUM,VACUUM,VACUUM,VACUUM,VACUUM,VACUUM,VACUUM,VACUUM,VACUUM,VACUUM,VACUUM,VACUUM,VACUUM,VACUUM,VACUUM,VACUUM,VACUUM,VACUUM,VACUUM,VACUUM,VACUUM,VACUUM,VACUUM,VACUUM,SIF2,SI,SI,SI,SI,SI,SI,SI,SI,SI,SI,SI,SI,SI,SI,SI,SI,SI,SI,SI,SI,SI,SI,SI,SI,SI,SI,SI,SI,SI,SI,SI,SI,SI,SI,SI,SI,SI,SI,SI,SI,SI,SI,SI,SI,SI,SI,SI,SI,SI
SI,SI,SI,SI,SI,SI,SI,SI,SI,SI,SI,SI,SI,SI,SI,SI,SI,SI,SI,SI,SI,SI,SI,SI,SI,SI,SI,SI,SI,SI,SI,SI,SI,SI,SI,SI,SI,SI,SI,SI,SI,SI,SI,SI,SI,SI,SI,SI,SI,SI,SI,SI,SI,SI,SI,SI,SI,SI,SI,SI,SI,SI,SI,SI,SI,SI,SI,SI,SI,SI,VACUUM,VACUUM,VACUUM,VACUUM,VACUUM,VACUUM,VACUUM,VACUUM,VACUUM,VACUUM,VACUUM,VACUUM,VACUUM,VACUUM,VACUUM,VACUUM,VACUUM,VACUUM,VACUUM,VACUUM,VACUUM,VACUUM,VACUUM,VACUUM,VACUUM,VACUUM,VACUUM,VACUUM,VACUUM,VACUUM,VACUUM,VACUUM,VACUUM,VACUUM,VACUUM,VACUUM,VACUUM,VACUUM,VACUUM,VACUUM,VACUUM,VACUUM,VACUUM,VACUUM,VACUUM,VACUUM,VACUUM,VACUUM,VACUUM,VACUUM,VACUUM,VACUUM,VACUUM,VACUUM,VACUUM,VACUUM,VACUUM,VACUUM,VACUUM,VACUUM,SIF2,SI,SI,SI,SI,SI,SI,SI,SI,SI,SI,SI,SI,SI,SI,SI,SI,SI,SI,SI,SI,SI,SI,SI,SI,SI,SI,SI,SI,SI,SI,SI,SI,SI,SI,SI,SI,SI,SI,SI,SI,SI,SI,SI,SI,SI,SI,SI,SI,SI
SI,SI,SI,SI,SI,SI,SI,SI,SI,SI,SI,SI,SI,SI,SI,SI,SI,SI,SI,SI,SI,SI,SI,SI,SI,SI,SI,SI,SI,SI,SI,SI,SI,SI,SI,SI,SI,SI,SI,SI,SI,SI,SI,SI,SI,SI,SI,SI,SI,SI,SI,SI,SI,SI,SI,SI,SI,SI,SI,SI,SI,SI,SI,SI,SI,SI,SI,SI,SI,SIF3,VACUUM,VACUUM,VACUUM,VACUUM,VACUUM,VACUUM,VACUUM,VACUUM,VACUUM,VACUUM,VACUUM,VACUUM,VACUUM,VACUUM,VACUUM,VACUUM,VACUUM,VACUUM,VACUUM,VACUUM,VACUUM,VACUUM,VACUUM,VACUUM,VACUUM,VACUUM,VACUUM,VACUUM,VACUUM,VACUUM,VACUUM,VACUUM,VACUUM,VACUUM,VACUUM,VACUUM,VACUUM,VACUUM,VACUUM,VACUUM,VACUUM,VACUUM,VACUUM,VACUUM,VACUUM,VACUUM,VACUUM,VACUUM,VACUUM,VACUUM,VACUUM,VACUUM,VACUUM,VACUUM,VACUUM,VACUUM,VACUUM,VACUUM,VACUUM,VACUUM,VACUUM,SI,SI,SI,SI,SI,SI,SI,SI,SI,SI,SI,SI,SI,SI,SI,SI,SI,SI,SI,SI,SI,SI,SI,SI,SI,SI,SI,SI,SI,SI,SI,SI,SI,SI,SI,SI,SI,SI,SI,SI,SI,SI,SI,SI,SI,SI,SI,SI,SI
SI,SI,SI,SI,SI,SI,SI,SI,SI,SI,SI,SI,SI,SI,SI,SI,SI,SI,SI,SI,SI,SI,SI,SI,SI,SI,SI,SI,SI,SI,SI,SI,SI,SI,SI,SI,SI,SI,SI,SI,SI,SI,SI,SI,SI,SI,SI,SI,SI,SI,SI,SI,SI,SI,SI,SI,SI,SI,SI,SI,SI,SI,SI,SI,SI,SI,SI,SI,SIF3,VACUUM,VACUUM,VACUUM,VACUUM,VACUUM,VACUUM,VACUUM,VACUUM,VACUUM,VACUUM,VACUUM,VACUUM,VACUUM,VACUUM,VACUUM,VACUUM,VACUUM,VACUUM,VACUUM,VACUUM,VACUUM,VACUUM,VACUUM,VACUUM,VACUUM,VACUUM,VACUUM,VACUUM,VACUUM,VACUUM,VACUUM,VACUUM,VACUUM,VACUUM,VACUUM,VACUUM,VACUUM,VACUUM,VACUUM,VACUUM,VACUUM,VACUUM,VACUUM,VACUUM,VACUUM,VACUUM,VACUUM,VACUUM,VACUUM,VACUUM,VACUUM,VACUUM,VACUUM,VACUUM,VACUUM,VACUUM,VACUUM,VACUUM,VACUUM,VACUUM,VACUUM,SIF,SI,SI,SI,SI,SI,SI,SI,SI,SI,SI,SI,SI,SI,SI,SI,SI,SI,SI,SI,SI,SI,SI,SI,SI,SI,SI,SI,SI,SI,SI,SI,SI,SI,SI,SI,SI,SI,SI,SI,SI,SI,SI,SI,SI,SI,SI,SI,SI,SI
SI,SI,SI,SI,SI,SI,SI,SI,SI,SI,SI,SI,SI,SI,SI,SI,SI,SI,SI,SI,SI,SI,SI,SI,SI,SI,SI,SI,SI,SI,SI,SI,SI,SI,SI,SI,SI,SI,SI,SI,SI,SI,SI,SI,SI,SI,SI,SI,SI,SI,SI,SI,SI,SI,SI,SI,SI,SI,SI,SI,SI,SI,SI,SI,SI,SI,SI,SIF3,VACUUM,VACUUM,VACUUM,VACUUM,VACUUM,VACUUM,VACUUM,VACUUM,VACUUM,VACUUM,VACUUM,VACUUM,VACUUM,VACUUM,VACUUM,VACUUM,VACUUM,VACUUM,VACUUM,VACUUM,VACUUM,VACUUM,VACUUM,VACUUM,VACUUM,VACUUM,VACUUM,VACUUM,VACUUM,VACUUM,VACUUM,VACUUM,VACUUM,VACUUM,VACUUM,VACUUM,VACUUM,VACUUM,VACUUM,VACUUM,VACUUM,VACUUM,VACUUM,VACUUM,VACUUM,VACUUM,VACUUM,VACUUM,VACUUM,VACUUM,VACUUM,VACUUM,VACUUM,VACUUM,VACUUM,VACUUM,VACUUM,VACUUM,VACUUM,VACUUM,VACUUM,VACUUM,VACUUM,SIF,SI,SI,SI,SI,SI,SI,SI,SI,SI,SI,SI,SI,SI,SI,SI,SI,SI,SI,SI,SI,SI,SI,SI,SI,SI,SI,SI,SI,SI,SI,SI,SI,SI,SI,SI,SI,SI,SI,SI,SI,SI,SI,SI,SI,SI,SI,SI,SI
SI,SI,SI,SI,SI,SI,SI,SI,SI,SI,SI,SI,SI,SI,SI,SI,SI,SI,SI,SI,SI,SI,SI,SI,SI,SI,SI,SI,SI,SI,SI,SI,SI,SI,SI,SI,SI,SI,SI,SI,SI,SI,SI,SI,SI,SI,SI,SI,SI,SI,SI,SI,SI,SI,SI,SI,SI,SI,SI,SI,SI,SI,SI,SI,SI,SI,SI,VACUUM,VACUUM,VACUUM,VACUUM,VACUUM,VACUUM,VACUUM,VACUUM,VACUUM,VACUUM,VACUUM,VACUUM,VACUUM,VACUUM,VACUUM,VACUUM,VACUUM,VACUUM,VACUUM,VACUUM,VACUUM,VACUUM,VACUUM,VACUUM,VACUUM,VACUUM,VACUUM,VACUUM,VACUUM,VACUUM,VACUUM,VACUUM,VACUUM,VACUUM,VACUUM,VACUUM,VACUUM,VACUUM,VACUUM,VACUUM,VACUUM,VACUUM,VACUUM,VACUUM,VACUUM,VACUUM,VACUUM,VACUUM,VACUUM,VACUUM,VACUUM,VACUUM,VACUUM,VACUUM,VACUUM,VACUUM,VACUUM,VACUUM,VACUUM,VACUUM,VACUUM,VACUUM,VACUUM,SIF3,SI,SI,SI,SI,SI,SI,SI,SI,SI,SI,SI,SI,SI,SI,SI,SI,SI,SI,SI,SI,SI,SI,SI,SI,SI,SI,SI,SI,SI,SI,SI,SI,SI,SI,SI,SI,SI,SI,SI,SI,SI,SI,SI,SI,SI,SI,SI,SI,SI
SI,SI,SI,SI,SI,SI,SI,SI,SI,SI,SI,SI,SI,SI,SI,SI,SI,SI,SI,SI,SI,SI,SI,SI,SI,SI,SI,SI,SI,SI,SI,SI,SI,SI,SI,SI,SI,SI,SI,SI,SI,SI,SI,SI,SI,SI,SI,SI,SI,SI,SI,SI,SI,SI,SI,SI,SI,SI,SI,SI,SI,SI,SI,SI,SI,VACUUM,VACUUM,VACUUM,VACUUM,VACUUM,VACUUM,VACUUM,VACUUM,VACUUM,VACUUM,VACUUM,VACUUM,VACUUM,VACUUM,VACUUM,VACUUM,VACUUM,VACUUM,VACUUM,VACUUM,VACUUM,VACUUM,VACUUM,VACUUM,VACUUM,VACUUM,VACUUM,VACUUM,VACUUM,VACUUM,VACUUM,VACUUM,VACUUM,VACUUM,VACUUM,VACUUM,VACUUM,VACUUM,VACUUM,VACUUM,VACUUM,VACUUM,VACUUM,VACUUM,VACUUM,VACUUM,VACUUM,VACUUM,VACUUM,VACUUM,VACUUM,VACUUM,VACUUM,VACUUM,VACUUM,VACUUM,VACUUM,VACUUM,VACUUM,VACUUM,VACUUM,VACUUM,VACUUM,VACUUM,VACUUM,VACUUM,SIF,SI,SI,SI,SI,SI,SI,SI,SI,SI,SI,SI,SI,SI,SI,SI,SI,SI,SI,SI,SI,SI,SI,SI,SI,SI,SI,SI,SI,SI,SI,SI,SI,SI,SI,SI,SI,SI,SI,SI,SI,SI,SI,SI,SI,SI,SI,SI,SI
SI,SI,SI,SI,SI,SI,SI,SI,SI,SI,SI,SI,SI,SI,SI,SI,SI,SI,SI,SI,SI,SI,SI,SI,SI,SI,SI,SI,SI,SI,SI,SI,SI,SI,SI,SI,SI,SI,SI,SI,SI,SI,SI,SI,SI,SI,SI,SI,SI,SI,SI,SI,SI,SI,SI,SI,SI,SI,SI,SI,SI,SI,SI,SI,SIF,VACUUM,VACUUM,VACUUM,VACUUM,VACUUM,VACUUM,VACUUM,VACUUM,VACUUM,VACUUM,VACUUM,VACUUM,VACUUM,VACUUM,VACUUM,VACUUM,VACUUM,VACUUM,VACUUM,VACUUM,VACUUM,VACUUM,VACUUM,VACUUM,VACUUM,VACUUM,VACUUM,VACUUM,VACUUM,VACUUM,VACUUM,VACUUM,VACUUM,VACUUM,VACUUM,VACUUM,VACUUM,VACUUM,VACUUM,VACUUM,VACUUM,VACUUM,VACUUM,VACUUM,VACUUM,VACUUM,VACUUM,VACUUM,VACUUM,VACUUM,VACUUM,VACUUM,VACUUM,VACUUM,VACUUM,VACUUM,VACUUM,VACUUM,VACUUM,VACUUM,VACUUM,VACUUM,VACUUM,VACUUM,VACUUM,SIF3,SI,SI,SI,SI,SI,SI,SI,SI,SI,SI,SI,SI,SI,SI,SI,SI,SI,SI,SI,SI,SI,SI,SI,SI,SI,SI,SI,SI,SI,SI,SI,SI,SI,SI,SI,SI,SI,SI,SI,SI,SI,SI,SI,SI,SI,SI,SI,SI,SI
SI,SI,SI,SI,SI,SI,SI,SI,SI,SI,SI,SI,SI,SI,SI,SI,SI,SI,SI,SI,SI,SI,SI,SI,SI,SI,SI,SI,SI,SI,SI,SI,SI,SI,SI,SI,SI,SI,SI,SI,SI,SI,SI,SI,SI,SI,SI,SI,SI,SI,SI,SI,SI,SI,SI,SI,SI,SI,SI,SI,SI,SI,SI,SIF2,VACUUM,VACUUM,VACUUM,VACUUM,VACUUM,VACUUM,VACUUM,VACUUM,VACUUM,VACUUM,VACUUM,VACUUM,VACUUM,VACUUM,VACUUM,VACUUM,VACUUM,VACUUM,VACUUM,VACUUM,VACUUM,VACUUM,VACUUM,VACUUM,VACUUM,VACUUM,VACUUM,VACUUM,VACUUM,VACUUM,VACUUM,VACUUM,VACUUM,VACUUM,VACUUM,VACUUM,VACUUM,VACUUM,VACUUM,VACUUM,VACUUM,VACUUM,VACUUM,VACUUM,VACUUM,VACUUM,VACUUM,VACUUM,VACUUM,VACUUM,VACUUM,VACUUM,VACUUM,VACUUM,VACUUM,VACUUM,VACUUM,VACUUM,VACUUM,VACUUM,VACUUM,VACUUM,VACUUM,VACUUM,VACUUM,VACUUM,VACUUM,SIF,SI,SI,SI,SI,SI,SI,SI,SI,SI,SI,SI,SI,SI,SI,SI,SI,SI,SI,SI,SI,SI,SI,SI,SI,SI,SI,SI,SI,SI,SI,SI,SI,SI,SI,SI,SI,SI,SI,SI,SI,SI,SI,SI,SI,SI,SI,SI,SI
SI,SI,SI,SI,SI,SI,SI,SI,SI,SI,SI,SI,SI,SI,SI,SI,SI,SI,SI,SI,SI,SI,SI,SI,SI,SI,SI,SI,SI,SI,SI,SI,SI,SI,SI,SI,SI,SI,SI,SI,SI,SI,SI,SI,SI,SI,SI,SI,SI,SI,SI,SI,SI,SI,SI,SI,SI,SI,SI,SI,SI,SI,SI,VACUUM,VACUUM,VACUUM,VACUUM,VACUUM,VACUUM,VACUUM,VACUUM,VACUUM,VACUUM,VACUUM,VACUUM,VACUUM,VACUUM,VACUUM,VACUUM,VACUUM,VACUUM,VACUUM,VACUUM,VACUUM,VACUUM,VACUUM,VACUUM,VACUUM,VACUUM,VACUUM,VACUUM,VACUUM,VACUUM,VACUUM,VACUUM,VACUUM,VACUUM,VACUUM,VACUUM,VACUUM,VACUUM,VACUUM,VACUUM,VACUUM,VACUUM,VACUUM,VACUUM,VACUUM,VACUUM,VACUUM,VACUUM,VACUUM,VACUUM,VACUUM,VACUUM,VACUUM,VACUUM,VACUUM,VACUUM,VACUUM,VACUUM,VACUUM,VACUUM,VACUUM,VACUUM,VACUUM,VACUUM,VACUUM,VACUUM,VACUUM,VACUUM,SIF,SI,SI,SI,SI,SI,SI,SI,SI,SI,SI,SI,SI,SI,SI,SI,SI,SI,SI,SI,SI,SI,SI,SI,SI,SI,SI,SI,SI,SI,SI,SI,SI,SI,SI,SI,SI,SI,SI,SI,SI,SI,SI,SI,SI,SI,SI,SI,SI
SI,SI,SI,SI,SI,SI,SI,SI,SI,SI,SI,SI,SI,SI,SI,SI,SI,SI,SI,SI,SI,SI,SI,SI,SI,SI,SI,SI,SI,SI,SI,SI,SI,SI,SI,SI,SI,SI,SI,SI,SI,SI,SI,SI,SI,SI,SI,SI,SI,SI,SI,SI,SI,SI,SI,SI,SI,SI,SI,SI,SI,SI,SI,SIF2,VACUUM,VACUUM,VACUUM,VACUUM,VACUUM,VACUUM,VACUUM,VACUUM,VACUUM,VACUUM,VACUUM,VACUUM,VACUUM,VACUUM,VACUUM,VACUUM,VACUUM,VACUUM,VACUUM,VACUUM,VACUUM,VACUUM,VACUUM,VACUUM,VACUUM,VACUUM,VACUUM,VACUUM,VACUUM,VACUUM,VACUUM,VACUUM,VACUUM,VACUUM,VACUUM,VACUUM,VACUUM,VACUUM,VACUUM,VACUUM,VACUUM,VACUUM,VACUUM,VACUUM,VACUUM,VACUUM,VACUUM,VACUUM,VACUUM,VACUUM,VACUUM,VACUUM,VACUUM,VACUUM,VACUUM,VACUUM,VACUUM,VACUUM,VACUUM,VACUUM,VACUUM,VACUUM,VACUUM,VACUUM,VACUUM,VACUUM,VACUUM,SIF,SI,SI,SI,SI,SI,SI,SI,SI,SI,SI,SI,SI,SI,SI,SI,SI,SI,SI,SI,SI,SI,SI,SI,SI,SI,SI,SI,SI,SI,SI,SI,SI,SI,SI,SI,SI,SI,SI,SI,SI,SI,SI,SI,SI,SI,SI,SI,SI
SI,SI,SI,SI,SI,SI,SI,SI,SI,SI,SI,SI,SI,SI,SI,SI,SI,SI,SI,SI,SI,SI,SI,SI,SI,SI,SI,SI,SI,SI,SI,SI,SI,SI,SI,SI,SI,SI,SI,SI,SI,SI,SI,SI,SI,SI,SI,SI,SI,SI,SI,SI,SI,SI,SI,SI,SI,SI,SI,SI,SI,SI,SIF2,VACUUM,VACUUM,VACUUM,VACUUM,VACUUM,VACUUM,VACUUM,VACUUM,VACUUM,VACUUM,VACUUM,VACUUM,VACUUM,VACUUM,VACUUM,VACUUM,VACUUM,VACUUM,VACUUM,VACUUM,VACUUM,VACUUM,VACUUM,VACUUM,VACUUM,VACUUM,VACUUM,VACUUM,VACUUM,VACUUM,VACUUM,VACUUM,VACUUM,VACUUM,VACUUM,VACUUM,VACUUM,VACUUM,VACUUM,VACUUM,VACUUM,VACUUM,VACUUM,VACUUM,VACUUM,VACUUM,VACUUM,VACUUM,VACUUM,VACUUM,VACUUM,VACUUM,VACUUM,VACUUM,VACUUM,VACUUM,VACUUM,VACUUM,VACUUM,VACUUM,VACUUM,VACUUM,VACUUM,VACUUM,VACUUM,VACUUM,VACUUM,VACUUM,SIF,SI,SI,SI,SI,SI,SI,SI,SI,SI,SI,SI,SI,SI,SI,SI,SI,SI,SI,SI,SI,SI,SI,SI,SI,SI,SI,SI,SI,SI,SI,SI,SI,SI,SI,SI,SI,SI,SI,SI,SI,SI,SI,SI,SI,SI,SI,SI,SI
SI,SI,SI,SI,SI,SI,SI,SI,SI,SI,SI,SI,SI,SI,SI,SI,SI,SI,SI,SI,SI,SI,SI,SI,SI,SI,SI,SI,SI,SI,SI,SI,SI,SI,SI,SI,SI,SI,SI,SI,SI,SI,SI,SI,SI,SI,SI,SI,SI,SI,SI,SI,SI,SI,SI,SI,SI,SI,SI,SI,SI,SIF3,SIF3,VACUUM,VACUUM,VACUUM,VACUUM,VACUUM,VACUUM,VACUUM,VACUUM,VACUUM,VACUUM,VACUUM,VACUUM,VACUUM,VACUUM,VACUUM,VACUUM,VACUUM,VACUUM,VACUUM,VACUUM,VACUUM,VACUUM,VACUUM,VACUUM,VACUUM,VACUUM,VACUUM,VACUUM,VACUUM,VACUUM,VACUUM,VACUUM,VACUUM,VACUUM,VACUUM,VACUUM,VACUUM,VACUUM,VACUUM,VACUUM,VACUUM,VACUUM,VACUUM,VACUUM,VACUUM,VACUUM,VACUUM,VACUUM,VACUUM,VACUUM,VACUUM,VACUUM,VACUUM,VACUUM,VACUUM,VACUUM,VACUUM,VACUUM,VACUUM,VACUUM,VACUUM,VACUUM,VACUUM,VACUUM,VACUUM,VACUUM,VACUUM,VACUUM,SIF,SI,SI,SI,SI,SI,SI,SI,SI,SI,SI,SI,SI,SI,SI,SI,SI,SI,SI,SI,SI,SI,SI,SI,SI,SI,SI,SI,SI,SI,SI,SI,SI,SI,SI,SI,SI,SI,SI,SI,SI,SI,SI,SI,SI,SI,SI,SI,SI
SI,SI,SI,SI,SI,SI,SI,SI,SI,SI,SI,SI,SI,SI,SI,SI,SI,SI,SI,SI,SI,SI,SI,SI,SI,SI,SI,SI,SI,SI,SI,SI,SI,SI,SI,SI,SI,SI,SI,SI,SI,SI,SI,SI,SI,SI,SI,SI,SI,SI,SI,SI,SI,SI,SI,SI,SI,SI,SI,SI,SI,VACUUM,VACUUM,VACUUM,VACUUM,VACUUM,VACUUM,VACUUM,VACUUM,VACUUM,VACUUM,VACUUM,VACUUM,VACUUM,VACUUM,VACUUM,VACUUM,VACUUM,VACUUM,VACUUM,VACUUM,VACUUM,VACUUM,VACUUM,VACUUM,VACUUM,VACUUM,VACUUM,VACUUM,VACUUM,VACUUM,VACUUM,VACUUM,VACUUM,VACUUM,VACUUM,VACUUM,VACUUM,VACUUM,VACUUM,VACUUM,VACUUM,VACUUM,VACUUM,VACUUM,VACUUM,VACUUM,VACUUM,VACUUM,VACUUM,VACUUM,VACUUM,VACUUM,VACUUM,VACUUM,VACUUM,VACUUM,VACUUM,VACUUM,VACUUM,VACUUM,VACUUM,VACUUM,VACUUM,VACUUM,VACUUM,VACUUM,VACUUM,VACUUM,VACUUM,SIF3,SI,SI,SI,SI,SI,SI,SI,SI,SI,SI,SI,SI,SI,SI,SI,SI,SI,SI,SI,SI,SI,SI,SI,SI,SI,SI,SI,SI,SI,SI,SI,SI,SI,SI,SI,SI,SI,SI,SI,SI,SI,SI,SI,SI,SI,SI,SI,SI,SI
SI,SI,SI,SI,SI,SI,SI,SI,SI,SI,SI,SI,SI,SI,SI,SI,SI,SI,SI,SI,SI,SI,SI,SI,SI,SI,SI,SI,SI,SI,SI,SI,SI,SI,SI,SI,SI,SI,SI,SI,SI,SI,SI,SI,SI,SI,SI,SI,SI,SI,SI,SI,SI,SI,SI,SI,SI,SI,SI,SI,SIF2,VACUUM,VACUUM,VACUUM,VACUUM,VACUUM,VACUUM,VACUUM,VACUUM,VACUUM,VACUUM,VACUUM,VACUUM,VACUUM,VACUUM,VACUUM,VACUUM,VACUUM,VACUUM,VACUUM,VACUUM,VACUUM,VACUUM,VACUUM,VACUUM,VACUUM,VACUUM,VACUUM,VACUUM,VACUUM,VACUUM,VACUUM,VACUUM,VACUUM,VACUUM,VACUUM,VACUUM,VACUUM,VACUUM,VACUUM,VACUUM,VACUUM,VACUUM,VACUUM,VACUUM,VACUUM,VACUUM,VACUUM,VACUUM,VACUUM,VACUUM,VACUUM,VACUUM,VACUUM,VACUUM,VACUUM,VACUUM,VACUUM,VACUUM,VACUUM,VACUUM,VACUUM,VACUUM,VACUUM,VACUUM,VACUUM,VACUUM,VACUUM,VACUUM,VACUUM,VACUUM,SI,SI,SI,SI,SI,SI,SI,SI,SI,SI,SI,SI,SI,SI,SI,SI,SI,SI,SI,SI,SI,SI,SI,SI,SI,SI,SI,SI,SI,SI,SI,SI,SI,SI,SI,SI,SI,SI,SI,SI,SI,SI,SI,SI,SI,SI,SI,SI,SI
SI,SI,SI,SI,SI,SI,SI,SI,SI,SI,SI,SI,SI,SI,SI,SI,SI,SI,SI,SI,SI,SI,SI,SI,SI,SI,SI,SI,SI,SI,SI,SI,SI,SI,SI,SI,SI,SI,SI,SI,SI,SI,SI,SI,SI,SI,SI,SI,SI,SI,SI,SI,SI,SI,SI,SI,SI,SI,SI,SI,SIF3,VACUUM,VACUUM,VACUUM,VACUUM,VACUUM,VACUUM,VACUUM,VACUUM,VACUUM,VACUUM,VACUUM,VACUUM,VACUUM,VACUUM,VACUUM,VACUUM,VACUUM,VACUUM,VACUUM,VACUUM,VACUUM,VACUUM,VACUUM,VACUUM,VACUUM,VACUUM,VACUUM,VACUUM,VACUUM,VACUUM,VACUUM,VACUUM,VACUUM,VACUUM,VACUUM,VACUUM,VACUUM,VACUUM,VACUUM,VACUUM,VACUUM,VACUUM,VACUUM,VACUUM,VACUUM,VACUUM,VACUUM,VACUUM,VACUUM,VACUUM,VACUUM,VACUUM,VACUUM,VACUUM,VACUUM,VACUUM,VACUUM,VACUUM,VACUUM,VACUUM,VACUUM,VACUUM,VACUUM,VACUUM,VACUUM,VACUUM,VACUUM,VACUUM,VACUUM,VACUUM,SI,SI,SI,SI,SI,SI,SI,SI,SI,SI,SI,SI,SI,SI,SI,SI,SI,SI,SI,SI,SI,SI,SI,SI,SI,SI,SI,SI,SI,SI,SI,SI,SI,SI,SI,SI,SI,SI,SI,SI,SI,SI,SI,SI,SI,SI,SI,SI,SI
SI,SI,SI,SI,SI,SI,SI,SI,SI,SI,SI,SI,SI,SI,SI,SI,SI,SI,SI,SI,SI,SI,SI,SI,SI,SI,SI,SI,SI,SI,SI,SI,SI,SI,SI,SI,SI,SI,SI,SI,SI,SI,SI,SI,SI,SI,SI,SI,SI,SI,SI,SI,SI,SI,SI,SI,SI,SI,SI,SIF3,VACUUM,VACUUM,VACUUM,VACUUM,VACUUM,VACUUM,VACUUM,VACUUM,VACUUM,VACUUM,VACUUM,VACUUM,VACUUM,VACUUM,VACUUM,VACUUM,VACUUM,VACUUM,VACUUM,VACUUM,VACUUM,VACUUM,VACUUM,VACUUM,VACUUM,VACUUM,VACUUM,VACUUM,VACUUM,VACUUM,VACUUM,VACUUM,VACUUM,VACUUM,VACUUM,VACUUM,VACUUM,VACUUM,VACUUM,VACUUM,VACUUM,VACUUM,VACUUM,VACUUM,VACUUM,VACUUM,VACUUM,VACUUM,VACUUM,VACUUM,VACUUM,VACUUM,VACUUM,VACUUM,VACUUM,VACUUM,VACUUM,VACUUM,VACUUM,VACUUM,VACUUM,VACUUM,VACUUM,VACUUM,VACUUM,VACUUM,VACUUM,VACUUM,VACUUM,VACUUM,SIF,SI,SI,SI,SI,SI,SI,SI,SI,SI,SI,SI,SI,SI,SI,SI,SI,SI,SI,SI,SI,SI,SI,SI,SI,SI,SI,SI,SI,SI,SI,SI,SI,SI,SI,SI,SI,SI,SI,SI,SI,SI,SI,SI,SI,SI,SI,SI,SI,SI
SI,SI,SI,SI,SI,SI,SI,SI,SI,SI,SI,SI,SI,SI,SI,SI,SI,SI,SI,SI,SI,SI,SI,SI,SI,SI,SI,SI,SI,SI,SI,SI,SI,SI,SI,SI,SI,SI,SI,SI,SI,SI,SI,SI,SI,SI,SI,SI,SI,SI,SI,SI,SI,SI,SI,SI,SI,SI,SIF2,VACUUM,VACUUM,VACUUM,VACUUM,VACUUM,VACUUM,VACUUM,VACUUM,VACUUM,VACUUM,VACUUM,VACUUM,VACUUM,VACUUM,VACUUM,VACUUM,VACUUM,VACUUM,VACUUM,VACUUM,VACUUM,VACUUM,VACUUM,VACUUM,VACUUM,VACUUM,VACUUM,VACUUM,VACUUM,VACUUM,VACUUM,VACUUM,VACUUM,VACUUM,VACUUM,VACUUM,VACUUM,VACUUM,VACUUM,VACUUM,VACUUM,VACUUM,VACUUM,VACUUM,VACUUM,VACUUM,VACUUM,VACUUM,VACUUM,VACUUM,VACUUM,VACUUM,VACUUM,VACUUM,VACUUM,VACUUM,VACUUM,VACUUM,VACUUM,VACUUM,VACUUM,VACUUM,VACUUM,VACUUM,VACUUM,VACUUM,VACUUM,VACUUM,VACUUM,VACUUM,VACUUM,SIF3,SI,SI,SI,SI,SI,SI,SI,SI,SI,SI,SI,SI,SI,SI,SI,SI,SI,SI,SI,SI,SI,SI,SI,SI,SI,SI,SI,SI,SI,SI,SI,SI,SI,SI,SI,SI,SI,SI,SI,SI,SI,SI,SI,SI,SI,SI,SI,SI,SI
SI,SI,SI,SI,SI,SI,SI,SI,SI,SI,SI,SI,SI,SI,SI,SI,SI,SI,SI,SI,SI,SI,SI,SI,SI,SI,SI,SI,SI,SI,SI,SI,SI,SI,SI,SI,SI,SI,SI,SI,SI,SI,SI,SI,SI,SI,SI,SI,SI,SI,SI,SI,SI,SI,SI,SI,SI,SIF,VACUUM,VACUUM,VACUUM,VACUUM,VACUUM,VACUUM,VACUUM,VACUUM,VACUUM,VACUUM,VACUUM,VACUUM,VACUUM,VACUUM,VACUUM,VACUUM,VACUUM,VACUUM,VACUUM,VACUUM,VACUUM,VACUUM,VACUUM,VACUUM,VACUUM,VACUUM,VACUUM,VACUUM,VACUUM,VACUUM,VACUUM,VACUUM,VACUUM,VACUUM,VACUUM,VACUUM,VACUUM,VACUUM,VACUUM,VACUUM,VACUUM,VACUUM,VACUUM,VACUUM,VACUUM,VACUUM,VACUUM,VACUUM,VACUUM,VACUUM,VACUUM,VACUUM,VACUUM,VACUUM,VACUUM,VACUUM,VACUUM,VACUUM,VACUUM,VACUUM,VACUUM,VACUUM,VACUUM,VACUUM,VACUUM,VACUUM,VACUUM,VACUUM,VACUUM,VACUUM,VACUUM,VACUUM,SIF2,SI,SI,SI,SI,SI,SI,SI,SI,SI,SI,SI,SI,SI,SI,SI,SI,SI,SI,SI,SI,SI,SI,SI,SI,SI,SI,SI,SI,SI,SI,SI,SI,SI,SI,SI,SI,SI,SI,SI,SI,SI,SI,SI,SI,SI,SI,SI,SI,SI
SI,SI,SI,SI,SI,SI,SI,SI,SI,SI,SI,SI,SI,SI,SI,SI,SI,SI,SI,SI,SI,SI,SI,SI,SI,SI,SI,SI,SI,SI,SI,SI,SI,SI,SI,SI,SI,SI,SI,SI,SI,SI,SI,SI,SI,SI,SI,SI,SI,SI,SI,SI,SI,SI,SI,SI,SI,SIF,VACUUM,VACUUM,VACUUM,VACUUM,VACUUM,VACUUM,VACUUM,VACUUM,VACUUM,VACUUM,VACUUM,VACUUM,VACUUM,VACUUM,VACUUM,VACUUM,VACUUM,VACUUM,VACUUM,VACUUM,VACUUM,VACUUM,VACUUM,VACUUM,VACUUM,VACUUM,VACUUM,VACUUM,VACUUM,VACUUM,VACUUM,VACUUM,VACUUM,VACUUM,VACUUM,VACUUM,VACUUM,VACUUM,VACUUM,VACUUM,VACUUM,VACUUM,VACUUM,VACUUM,VACUUM,VACUUM,VACUUM,VACUUM,VACUUM,VACUUM,VACUUM,VACUUM,VACUUM,VACUUM,VACUUM,VACUUM,VACUUM,VACUUM,VACUUM,VACUUM,VACUUM,VACUUM,VACUUM,VACUUM,VACUUM,VACUUM,VACUUM,VACUUM,VACUUM,VACUUM,VACUUM,VACUUM,SIF,SI,SI,SI,SI,SI,SI,SI,SI,SI,SI,SI,SI,SI,SI,SI,SI,SI,SI,SI,SI,SI,SI,SI,SI,SI,SI,SI,SI,SI,SI,SI,SI,SI,SI,SI,SI,SI,SI,SI,SI,SI,SI,SI,SI,SI,SI,SI,SI,SI
SI,SI,SI,SI,SI,SI,SI,SI,SI,SI,SI,SI,SI,SI,SI,SI,SI,SI,SI,SI,SI,SI,SI,SI,SI,SI,SI,SI,SI,SI,SI,SI,SI,SI,SI,SI,SI,SI,SI,SI,SI,SI,SI,SI,SI,SI,SI,SI,SI,SI,SI,SI,SI,SI,SI,SI,SI,SIF2,VACUUM,VACUUM,VACUUM,VACUUM,VACUUM,VACUUM,VACUUM,VACUUM,VACUUM,VACUUM,VACUUM,VACUUM,VACUUM,VACUUM,VACUUM,VACUUM,VACUUM,VACUUM,VACUUM,VACUUM,VACUUM,VACUUM,VACUUM,VACUUM,VACUUM,VACUUM,VACUUM,VACUUM,VACUUM,VACUUM,VACUUM,VACUUM,VACUUM,VACUUM,VACUUM,VACUUM,VACUUM,VACUUM,VACUUM,VACUUM,VACUUM,VACUUM,VACUUM,VACUUM,VACUUM,VACUUM,VACUUM,VACUUM,VACUUM,VACUUM,VACUUM,VACUUM,VACUUM,VACUUM,VACUUM,VACUUM,VACUUM,VACUUM,VACUUM,VACUUM,VACUUM,VACUUM,VACUUM,VACUUM,VACUUM,VACUUM,VACUUM,VACUUM,VACUUM,VACUUM,VACUUM,VACUUM,SIF2,SI,SI,SI,SI,SI,SI,SI,SI,SI,SI,SI,SI,SI,SI,SI,SI,SI,SI,SI,SI,SI,SI,SI,SI,SI,SI,SI,SI,SI,SI,SI,SI,SI,SI,SI,SI,SI,SI,SI,SI,SI,SI,SI,SI,SI,SI,SI,SI,SI
SI,SI,SI,SI,SI,SI,SI,SI,SI,SI,SI,SI,SI,SI,SI,SI,SI,SI,SI,SI,SI,SI,SI,SI,SI,SI,SI,SI,SI,SI,SI,SI,SI,SI,SI,SI,SI,SI,SI,SI,SI,SI,SI,SI,SI,SI,SI,SI,SI,SI,SI,SI,SI,SI,SI,SI,SI,VACUUM,VACUUM,VACUUM,VACUUM,VACUUM,VACUUM,VACUUM,VACUUM,VACUUM,VACUUM,VACUUM,VACUUM,VACUUM,VACUUM,VACUUM,VACUUM,VACUUM,VACUUM,VACUUM,VACUUM,VACUUM,VACUUM,VACUUM,VACUUM,VACUUM,VACUUM,VACUUM,VACUUM,VACUUM,VACUUM,VACUUM,VACUUM,VACUUM,VACUUM,VACUUM,VACUUM,VACUUM,VACUUM,VACUUM,VACUUM,VACUUM,VACUUM,VACUUM,VACUUM,VACUUM,VACUUM,VACUUM,VACUUM,VACUUM,VACUUM,VACUUM,VACUUM,VACUUM,VACUUM,VACUUM,VACUUM,VACUUM,VACUUM,VACUUM,VACUUM,VACUUM,VACUUM,VACUUM,VACUUM,VACUUM,VACUUM,VACUUM,VACUUM,VACUUM,VACUUM,VACUUM,VACUUM,SIF3,SI,SI,SI,SI,SI,SI,SI,SI,SI,SI,SI,SI,SI,SI,SI,SI,SI,SI,SI,SI,SI,SI,SI,SI,SI,SI,SI,SI,SI,SI,SI,SI,SI,SI,SI,SI,SI,SI,SI,SI,SI,SI,SI,SI,SI,SI,SI,SI,SI,SI
SI,SI,SI,SI,SI,SI,SI,SI,SI,SI,SI,SI,SI,SI,SI,SI,SI,SI,SI,SI,SI,SI,SI,SI,SI,SI,SI,SI,SI,SI,SI,SI,SI,SI,SI,SI,SI,SI,SI,SI,SI,SI,SI,SI,SI,SI,SI,SI,SI,SI,SI,SI,SI,SI,SI,SI,SIF,VACUUM,VACUUM,VACUUM,VACUUM,VACUUM,VACUUM,VACUUM,VACUUM,VACUUM,VACUUM,VACUUM,VACUUM,VACUUM,VACUUM,VACUUM,VACUUM,VACUUM,VACUUM,VACUUM,VACUUM,VACUUM,VACUUM,VACUUM,VACUUM,VACUUM,VACUUM,VACUUM,VACUUM,VACUUM,VACUUM,VACUUM,VACUUM,VACUUM,VACUUM,VACUUM,VACUUM,VACUUM,VACUUM,VACUUM,VACUUM,VACUUM,VACUUM,VACUUM,VACUUM,VACUUM,VACUUM,VACUUM,VACUUM,VACUUM,VACUUM,VACUUM,VACUUM,VACUUM,VACUUM,VACUUM,VACUUM,VACUUM,VACUUM,VACUUM,VACUUM,VACUUM,VACUUM,VACUUM,VACUUM,VACUUM,VACUUM,VACUUM,VACUUM,VACUUM,VACUUM,VACUUM,VACUUM,VACUUM,SI,SI,SI,SI,SI,SI,SI,SI,SI,SI,SI,SI,SI,SI,SI,SI,SI,SI,SI,SI,SI,SI,SI,SI,SI,SI,SI,SI,SI,SI,SI,SI,SI,SI,SI,SI,SI,SI,SI,SI,SI,SI,SI,SI,SI,SI,SI,SI,SI,SI
SI,SI,SI,SI,SI,SI,SI,SI,SI,SI,SI,SI,SI,SI,SI,SI,SI,SI,SI,SI,SI,SI,SI,SI,SI,SI,SI,SI,SI,SI,SI,SI,SI,SI,SI,SI,SI,SI,SI,SI,SI,SI,SI,SI,SI,SI,SI,SI,SI,SI,SI,SI,SI,SI,SI,SIF,VACUUM,VACUUM,VACUUM,VACUUM,VACUUM,VACUUM,VACUUM,VACUUM,VACUUM,VACUUM,VACUUM,VACUUM,VACUUM,VACUUM,VACUUM,VACUUM,VACUUM,VACUUM,VACUUM,VACUUM,VACUUM,VACUUM,VACUUM,VACUUM,VACUUM,VACUUM,VACUUM,VACUUM,VACUUM,VACUUM,VACUUM,VACUUM,VACUUM,VACUUM,VACUUM,VACUUM,VACUUM,VACUUM,VACUUM,VACUUM,VACUUM,VACUUM,VACUUM,VACUUM,VACUUM,VACUUM,VACUUM,VACUUM,VACUUM,VACUUM,VACUUM,VACUUM,VACUUM,VACUUM,VACUUM,VACUUM,VACUUM,VACUUM,VACUUM,VACUUM,VACUUM,VACUUM,VACUUM,VACUUM,VACUUM,VACUUM,VACUUM,VACUUM,VACUUM,VACUUM,VACUUM,VACUUM,VACUUM,SI,SIF,SI,SI,SI,SI,SI,SI,SI,SI,SI,SI,SI,SI,SI,SI,SI,SI,SI,SI,SI,SI,SI,SI,SI,SI,SI,SI,SI,SI,SI,SI,SI,SI,SI,SI,SI,SI,SI,SI,SI,SI,SI,SI,SI,SI,SI,SI,SI,SI,SI
SI,SI,SI,SI,SI,SI,SI,SI,SI,SI,SI,SI,SI,SI,SI,SI,SI,SI,SI,SI,SI,SI,SI,SI,SI,SI,SI,SI,SI,SI,SI,SI,SI,SI,SI,SI,SI,SI,SI,SI,SI,SI,SI,SI,SI,SI,SI,SI,SI,SI,SI,SI,SIF,SI,SIF3,VACUUM,VACUUM,VACUUM,VACUUM,VACUUM,VACUUM,VACUUM,VACUUM,VACUUM,VACUUM,VACUUM,VACUUM,VACUUM,VACUUM,VACUUM,VACUUM,VACUUM,VACUUM,VACUUM,VACUUM,VACUUM,VACUUM,VACUUM,VACUUM,VACUUM,VACUUM,VACUUM,VACUUM,VACUUM,VACUUM,VACUUM,VACUUM,VACUUM,VACUUM,VACUUM,VACUUM,VACUUM,VACUUM,VACUUM,VACUUM,VACUUM,VACUUM,VACUUM,VACUUM,VACUUM,VACUUM,VACUUM,VACUUM,VACUUM,VACUUM,VACUUM,VACUUM,VACUUM,VACUUM,VACUUM,VACUUM,VACUUM,VACUUM,VACUUM,VACUUM,VACUUM,VACUUM,VACUUM,VACUUM,VACUUM,VACUUM,VACUUM,VACUUM,VACUUM,VACUUM,VACUUM,VACUUM,VACUUM,VACUUM,VACUUM,VACUUM,SIF3,SIF2,SI,SIF,SI,SI,SI,SI,SI,SI,SI,SI,SI,SI,SI,SI,SI,SI,SI,SI,SI,SI,SI,SI,SI,SI,SI,SI,SI,SI,SI,SI,SI,SI,SI,SI,SI,SI,SI,SI,SI,SI,SI,SI,SI,SI,SI,SI,SI
VACUUM,VACUUM,VACUUM,VACUUM,VACUUM,VACUUM,VACUUM,VACUUM,VACUUM,VACUUM,VACUUM,VACUUM,VACUUM,VACUUM,VACUUM,VACUUM,VACUUM,VACUUM,VACUUM,VACUUM,VACUUM,VACUUM,VACUUM,VACUUM,VACUUM,VACUUM,VACUUM,VACUUM,VACUUM,VACUUM,VACUUM,VACUUM,VACUUM,VACUUM,VACUUM,VACUUM,VACUUM,VACUUM,VACUUM,VACUUM,VACUUM,VACUUM,VACUUM,VACUUM,VACUUM,VACUUM,VACUUM,VACUUM,VACUUM,VACUUM,VACUUM,VACUUM,VACUUM,VACUUM,VACUUM,VACUUM,VACUUM,VACUUM,VACUUM,VACUUM,VACUUM,VACUUM,VACUUM,VACUUM,VACUUM,VACUUM,VACUUM,VACUUM,VACUUM,VACUUM,VACUUM,VACUUM,VACUUM,VACUUM,VACUUM,VACUUM,VACUUM,VACUUM,VACUUM,VACUUM,VACUUM,VACUUM,VACUUM,VACUUM,VACUUM,VACUUM,VACUUM,VACUUM,VACUUM,VACUUM,VACUUM,VACUUM,VACUUM,VACUUM,VACUUM,VACUUM,VACUUM,VACUUM,VACUUM,VACUUM,VACUUM,VACUUM,VACUUM,VACUUM,VACUUM,VACUUM,VACUUM,VACUUM,VACUUM,VACUUM,VACUUM,VACUUM,VACUUM,VACUUM,VACUUM,VACUUM,VACUUM,VACUUM,VACUUM,VACUUM,VACUUM,VACUUM,VACUUM,VACUUM,VACUUM,VACUUM,VACUUM,VACUUM,VACUUM,VACUUM,VACUUM,VACUUM,VACUUM,VACUUM,VACUUM,VACUUM,VACUUM,VACUUM,VACUUM,VACUUM,VACUUM,VACUUM,VACUUM,VACUUM,VACUUM,VACUUM,VACUUM,VACUUM,VACUUM,VACUUM,VACUUM,VACUUM,VACUUM,VACUUM,VACUUM,VACUUM,VACUUM,VACUUM,VACUUM,VACUUM,VACUUM,VACUUM,VACUUM,VACUUM,VACUUM,VACUUM,VACUUM,VACUUM,VACUUM,VACUUM,VACUUM,VACUUM,VACUUM,VACUUM,VACUUM,VACUUM,VACUUM,VACUUM,VACUUM,VACUUM
VACUUM,VACUUM,VACUUM,VACUUM,VACUUM,VACUUM,VACUUM,VACUUM,VACUUM,VACUUM,VACUUM,VACUUM,VACUUM,VACUUM,VACUUM,VACUUM,VACUUM,VACUUM,VACUUM,VACUUM,VACUUM,VACUUM,VACUUM,VACUUM,VACUUM,VACUUM,VACUUM,VACUUM,VACUUM,VACUUM,VACUUM,VACUUM,VACUUM,VACUUM,VACUUM,VACUUM,VACUUM,VACUUM,VACUUM,VACUUM,VACUUM,VACUUM,VACUUM,VACUUM,VACUUM,VACUUM,VACUUM,VACUUM,VACUUM,VACUUM,VACUUM,VACUUM,VACUUM,VACUUM,VACUUM,VACUUM,VACUUM,VACUUM,VACUUM,VACUUM,VACUUM,VACUUM,VACUUM,VACUUM,VACUUM,VACUUM,VACUUM,VACUUM,VACUUM,VACUUM,VACUUM,VACUUM,VACUUM,VACUUM,VACUUM,VACUUM,VACUUM,VACUUM,VACUUM,VACUUM,VACUUM,VACUUM,VACUUM,VACUUM,VACUUM,VACUUM,VACUUM,VACUUM,VACUUM,VACUUM,VACUUM,VACUUM,VACUUM,VACUUM,VACUUM,VACUUM,VACUUM,VACUUM,VACUUM,VACUUM,VACUUM,VACUUM,VACUUM,VACUUM,VACUUM,VACUUM,VACUUM,VACUUM,VACUUM,VACUUM,VACUUM,VACUUM,VACUUM,VACUUM,VACUUM,VACUUM,VACUUM,VACUUM,VACUUM,VACUUM,VACUUM,VACUUM,VACUUM,VACUUM,VACUUM,VACUUM,VACUUM,VACUUM,VACUUM,VACUUM,VACUUM,VACUUM,VACUUM,VACUUM,VACUUM,VACUUM,VACUUM,VACUUM,VACUUM,VACUUM,VACUUM,VACUUM,VACUUM,VACUUM,VACUUM,VACUUM,VACUUM,VACUUM,VACUUM,VACUUM,VACUUM,VACUUM,VACUUM,VACUUM,VACUUM,VACUUM,VACUUM,VACUUM,VACUUM,VACUUM,VACUUM,VACUUM,VACUUM,VACUUM,VACUUM,VACUUM,VACUUM,VACUUM,VACUUM,VACUUM,VACUUM,VACUUM,VACUUM,VACUUM,VACUUM,VACUUM,VACUUM,VACUUM,VACUUM,VACUUM
VACUUM,VACUUM,VACUUM,VACUUM,VACUUM,VACUUM,VACUUM,VACUUM,VACUUM,VACUUM,VACUUM,VACUUM,VACUUM,VACUUM,VACUUM,VACUUM,VACUUM,VACUUM,VACUUM,VACUUM,VACUUM,VACUUM,VACUUM,VACUUM,VACUUM,VACUUM,VACUUM,VACUUM,VACUUM,VACUUM,VACUUM,VACUUM,VACUUM,VACUUM,VACUUM,VACUUM,VACUUM,VACUUM,VACUUM,VACUUM,VACUUM,VACUUM,VACUUM,VACUUM,VACUUM,VACUUM,VACUUM,VACUUM,VACUUM,VACUUM,VACUUM,VACUUM,VACUUM,VACUUM,VACUUM,VACUUM,VACUUM,VACUUM,VACUUM,VACUUM,VACUUM,VACUUM,VACUUM,VACUUM,VACUUM,VACUUM,VACUUM,VACUUM,VACUUM,VACUUM,VACUUM,VACUUM,VACUUM,VACUUM,VACUUM,VACUUM,VACUUM,VACUUM,VACUUM,VACUUM,VACUUM,VACUUM,VACUUM,VACUUM,VACUUM,VACUUM,VACUUM,VACUUM,VACUUM,VACUUM,VACUUM,VACUUM,VACUUM,VACUUM,VACUUM,VACUUM,VACUUM,VACUUM,VACUUM,VACUUM,VACUUM,VACUUM,VACUUM,VACUUM,VACUUM,VACUUM,VACUUM,VACUUM,VACUUM,VACUUM,VACUUM,VACUUM,VACUUM,VACUUM,VACUUM,VACUUM,VACUUM,VACUUM,VACUUM,VACUUM,VACUUM,VACUUM,VACUUM,VACUUM,VACUUM,VACUUM,VACUUM,VACUUM,VACUUM,VACUUM,VACUUM,VACUUM,VACUUM,VACUUM,VACUUM,VACUUM,VACUUM,VACUUM,VACUUM,VACUUM,VACUUM,VACUUM,VACUUM,VACUUM,VACUUM,VACUUM,VACUUM,VACUUM,VACUUM,VACUUM,VACUUM,VACUUM,VACUUM,VACUUM,VACUUM,VACUUM,VACUUM,VACUUM,VACUUM,VACUUM,VACUUM,VACUUM,VACUUM,VACUUM,VACUUM,VACUUM,VACUUM,VACUUM,VACUUM,VACUUM,VACUUM,VACUUM,VACUUM,VACUUM,VACUUM,VACUUM,VACUUM,VACUUM,VACUUM,VACUUM
VACUUM,VACUUM,VACUUM,VACUUM,VACUUM,VACUUM,VACUUM,VACUUM,VACUUM,VACUUM,VACUUM,VACUUM,VACUUM,VACUUM,VACUUM,VACUUM,VACUUM,VACUUM,VACUUM,VACUUM,VACUUM,VACUUM,VACUUM,VACUUM,VACUUM,VACUUM,VACUUM,VACUUM,VACUUM,VACUUM,VACUUM,VACUUM,VACUUM,VACUUM,VACUUM,VACUUM,VACUUM,VACUUM,VACUUM,VACUUM,VACUUM,VACUUM,VACUUM,VACUUM,VACUUM,VACUUM,VACUUM,VACUUM,VACUUM,VACUUM,VACUUM,VACUUM,VACUUM,VACUUM,VACUUM,VACUUM,VACUUM,VACUUM,VACUUM,VACUUM,VACUUM,VACUUM,VACUUM,VACUUM,VACUUM,VACUUM,VACUUM,VACUUM,VACUUM,VACUUM,VACUUM,VACUUM,VACUUM,VACUUM,VACUUM,VACUUM,VACUUM,VACUUM,VACUUM,VACUUM,VACUUM,VACUUM,VACUUM,VACUUM,VACUUM,VACUUM,VACUUM,VACUUM,VACUUM,VACUUM,VACUUM,VACUUM,VACUUM,VACUUM,VACUUM,VACUUM,VACUUM,VACUUM,VACUUM,VACUUM,VACUUM,VACUUM,VACUUM,VACUUM,VACUUM,VACUUM,VACUUM,VACUUM,VACUUM,VACUUM,VACUUM,VACUUM,VACUUM,VACUUM,VACUUM,VACUUM,VACUUM,VACUUM,VACUUM,VACUUM,VACUUM,VACUUM,VACUUM,VACUUM,VACUUM,VACUUM,VACUUM,VACUUM,VACUUM,VACUUM,VACUUM,VACUUM,VACUUM,VACUUM,VACUUM,VACUUM,VACUUM,VACUUM,VACUUM,VACUUM,VACUUM,VACUUM,VACUUM,VACUUM,VACUUM,VACUUM,VACUUM,VACUUM,VACUUM,VACUUM,VACUUM,VACUUM,VACUUM,VACUUM,VACUUM,VACUUM,VACUUM,VACUUM,VACUUM,VACUUM,VACUUM,VACUUM,VACUUM,VACUUM,VACUUM,VACUUM,VACUUM,VACUUM,VACUUM,VACUUM,VACUUM,VACUUM,VACUUM,VACUUM,VACUUM,VACUUM,VACUUM,VACUUM,VACUUM,VACUUM
VACUUM,VACUUM,VACUUM,VACUUM,VACUUM,VACUUM,VACUUM,VACUUM,VACUUM,VACUUM,VACUUM,VACUUM,VACUUM,VACUUM,VACUUM,VACUUM,VACUUM,VACUUM,VACUUM,VACUUM,VACUUM,VACUUM,VACUUM,VACUUM,VACUUM,VACUUM,VACUUM,VACUUM,VACUUM,VACUUM,VACUUM,VACUUM,VACUUM,VACUUM,VACUUM,VACUUM,VACUUM,VACUUM,VACUUM,VACUUM,VACUUM,VACUUM,VACUUM,VACUUM,VACUUM,VACUUM,VACUUM,VACUUM,VACUUM,VACUUM,VACUUM,VACUUM,VACUUM,VACUUM,VACUUM,VACUUM,VACUUM,VACUUM,VACUUM,VACUUM,VACUUM,VACUUM,VACUUM,VACUUM,VACUUM,VACUUM,VACUUM,VACUUM,VACUUM,VACUUM,VACUUM,VACUUM,VACUUM,VACUUM,VACUUM,VACUUM,VACUUM,VACUUM,VACUUM,VACUUM,VACUUM,VACUUM,VACUUM,VACUUM,VACUUM,VACUUM,VACUUM,VACUUM,VACUUM,VACUUM,VACUUM,VACUUM,VACUUM,VACUUM,VACUUM,VACUUM,VACUUM,VACUUM,VACUUM,VACUUM,VACUUM,VACUUM,VACUUM,VACUUM,VACUUM,VACUUM,VACUUM,VACUUM,VACUUM,VACUUM,VACUUM,VACUUM,VACUUM,VACUUM,VACUUM,VACUUM,VACUUM,VACUUM,VACUUM,VACUUM,VACUUM,VACUUM,VACUUM,VACUUM,VACUUM,VACUUM,VACUUM,VACUUM,VACUUM,VACUUM,VACUUM,VACUUM,VACUUM,VACUUM,VACUUM,VACUUM,VACUUM,VACUUM,VACUUM,VACUUM,VACUUM,VACUUM,VACUUM,VACUUM,VACUUM,VACUUM,VACUUM,VACUUM,VACUUM,VACUUM,VACUUM,VACUUM,VACUUM,VACUUM,VACUUM,VACUUM,VACUUM,VACUUM,VACUUM,VACUUM,VACUUM,VACUUM,VACUUM,VACUUM,VACUUM,VACUUM,VACUUM,VACUUM,VACUUM,VACUUM,VACUUM,VACUUM,VACUUM,VACUUM,VACUUM,VACUUM,VACUUM,VACUUM,VACUUM,VACUUM
VACUUM,VACUUM,VACUUM,VACUUM,VACUUM,VACUUM,VACUUM,VACUUM,VACUUM,VACUUM,VACUUM,VACUUM,VACUUM,VACUUM,VACUUM,VACUUM,VACUUM,VACUUM,VACUUM,VACUUM,VACUUM,VACUUM,VACUUM,VACUUM,VACUUM,VACUUM,VACUUM,VACUUM,VACUUM,VACUUM,VACUUM,VACUUM,VACUUM,VACUUM,VACUUM,VACUUM,VACUUM,VACUUM,VACUUM,VACUUM,VACUUM,VACUUM,VACUUM,VACUUM,VACUUM,VACUUM,VACUUM,VACUUM,VACUUM,VACUUM,VACUUM,VACUUM,VACUUM,VACUUM,VACUUM,VACUUM,VACUUM,VACUUM,VACUUM,VACUUM,VACUUM,VACUUM,VACUUM,VACUUM,VACUUM,VACUUM,VACUUM,VACUUM,VACUUM,VACUUM,VACUUM,VACUUM,VACUUM,VACUUM,VACUUM,VACUUM,VACUUM,VACUUM,VACUUM,VACUUM,VACUUM,VACUUM,VACUUM,VACUUM,VACUUM,VACUUM,VACUUM,VACUUM,VACUUM,VACUUM,VACUUM,VACUUM,VACUUM,VACUUM,VACUUM,VACUUM,VACUUM,VACUUM,VACUUM,VACUUM,VACUUM,VACUUM,VACUUM,VACUUM,VACUUM,VACUUM,VACUUM,VACUUM,VACUUM,VACUUM,VACUUM,VACUUM,VACUUM,VACUUM,VACUUM,VACUUM,VACUUM,VACUUM,VACUUM,VACUUM,VACUUM,VACUUM,VACUUM,VACUUM,VACUUM,VACUUM,VACUUM,VACUUM,VACUUM,VACUUM,VACUUM,VACUUM,VACUUM,VACUUM,VACUUM,VACUUM,VACUUM,VACUUM,VACUUM,VACUUM,VACUUM,VACUUM,VACUUM,VACUUM,VACUUM,VACUUM,VACUUM,VACUUM,VACUUM,VACUUM,VACUUM,VACUUM,VACUUM,VACUUM,VACUUM,VACUUM,VACUUM,VACUUM,VACUUM,VACUUM,VACUUM,VACUUM,VACUUM,VACUUM,VACUUM,VACUUM,VACUUM,VACUUM,VACUUM,VACUUM,VACUUM,VACUUM,VACUUM,VACUUM,VACUUM,VACUUM,VACUUM,VACUUM,VACUUM,VACUUM
MASK,MASK,MASK,MASK,MASK,MASK,MASK,MASK,MASK,MASK,MASK,MASK,MASK,MASK,MASK,MASK,MASK,MASK,MASK,MASK,MASK,MASK,MASK,MASK,MASK,MASK,MASK,MASK,MASK,MASK,MASK,MASK,MASK,MASK,MASK,MASK,MASK,MASK,MASK,MASK,MASK,MASK,MASK,MASK,MASK,MASK,MASK,MASK,MASK,MASK,MASK,MASK,MASK,MASK,MASK,MASK,MASK,MASK,MASK,MASK,VACUUM,VACUUM,VACUUM,VACUUM,VACUUM,VACUUM,VACUUM,VACUUM,VACUUM,VACUUM,VACUUM,VACUUM,VACUUM,VACUUM,VACUUM,VACUUM,VACUUM,VACUUM,VACUUM,VACUUM,VACUUM,VACUUM,VACUUM,VACUUM,VACUUM,VACUUM,VACUUM,VACUUM,VACUUM,VACUUM,VACUUM,VACUUM,VACUUM,VACUUM,VACUUM,VACUUM,VACUUM,VACUUM,VACUUM,VACUUM,VACUUM,VACUUM,VACUUM,VACUUM,VACUUM,VACUUM,VACUUM,VACUUM,VACUUM,VACUUM,VACUUM,VACUUM,VACUUM,VACUUM,VACUUM,VACUUM,VACUUM,VACUUM,VACUUM,VACUUM,MASK,MASK,MASK,MASK,MASK,MASK,MASK,MASK,MASK,MASK,MASK,MASK,MASK,MASK,MASK,MASK,MASK,MASK,MASK,MASK,MASK,MASK,MASK,MASK,MASK,MASK,MASK,MASK,MASK,MASK,MASK,MASK,MASK,MASK,MASK,MASK,MASK,MASK,MASK,MASK,MASK,MASK,MASK,MASK,MASK,MASK,MASK,MASK,MASK,MASK,MASK,MASK,MASK,MASK,MASK,MASK,MASK,MASK,MASK,MASK
MASK,MASK,MASK,MASK,MASK,MASK,MASK,MASK,MASK,MASK,MASK,MASK,MASK,MASK,MASK,MASK,MASK,MASK,MASK,MASK,MASK,MASK,MASK,MASK,MASK,MASK,MASK,MASK,MASK,MASK,MASK,MASK,MASK,MASK,MASK,MASK,MASK,MASK,MASK,MASK,MASK,MASK,MASK,MASK,MASK,MASK,MASK,MASK,MASK,MASK,MASK,MASK,MASK,MASK,MASK,MASK,MASK,MASK,MASK,MASK,VACUUM,VACUUM,VACUUM,VACUUM,VACUUM,VACUUM,VACUUM,VACUUM,VACUUM,VACUUM,VACUUM,VACUUM,VACUUM,VACUUM,VACUUM,VACUUM,VACUUM,VACUUM,VACUUM,VACUUM,VACUUM,VACUUM,VACUUM,VACUUM,VACUUM,VACUUM,VACUUM,VACUUM,VACUUM,VACUUM,VACUUM,VACUUM,VACUUM,VACUUM,VACUUM,VACUUM,VACUUM,VACUUM,VACUUM,VACUUM,VACUUM,VACUUM,VACUUM,VACUUM,VACUUM,VACUUM,VACUUM,VACUUM,VACUUM,VACUUM,VACUUM,VACUUM,VACUUM,VACUUM,VACUUM,VACUUM,VACUUM,VACUUM,VACUUM,VACUUM,MASK,MASK,MASK,MASK,MASK,MASK,MASK,MASK,MASK,MASK,MASK,MASK,MASK,MASK,MASK,MASK,MASK,MASK,MASK,MASK,MASK,MASK,MASK,MASK,MASK,MASK,MASK,MASK,MASK,MASK,MASK,MASK,MASK,MASK,MASK,MASK,MASK,MASK,MASK,MASK,MASK,MASK,MASK,MASK,MASK,MASK,MASK,MASK,MASK,MASK,MASK,MASK,MASK,MASK,MASK,MASK,MASK,MASK,MASK,MASK
MASK,MASK,MASK,MASK,MASK,MASK,MASK,MASK,MASK,MASK,MASK,MASK,MASK,MASK,MASK,MASK,MASK,MASK,MASK,MASK,MASK,MASK,MASK,MASK,MASK,MASK,MASK,MASK,MASK,MASK,MASK,MASK,MASK,MASK,MASK,MASK,MASK,MASK,MASK,MASK,MASK,MASK,MASK,MASK,MASK,MASK,MASK,MASK,MASK,MASK,MASK,MASK,MASK,MASK,MASK,MASK,MASK,MASK,MASK,MASK,VACUUM,VACUUM,VACUUM,VACUUM,VACUUM,VACUUM,VACUUM,VACUUM,VACUUM,VACUUM,VACUUM,VACUUM,VACUUM,VACUUM,VACUUM,VACUUM,VACUUM,VACUUM,VACUUM,VACUUM,VACUUM,VACUUM,VACUUM,VACUUM,VACUUM,VACUUM,VACUUM,VACUUM,VACUUM,VACUUM,VACUUM,VACUUM,VACUUM,VACUUM,VACUUM,VACUUM,VACUUM,VACUUM,VACUUM,VACUUM,VACUUM,VACUUM,VACUUM,VACUUM,VACUUM,VACUUM,VACUUM,VACUUM,VACUUM,VACUUM,VACUUM,VACUUM,VACUUM,VACUUM,VACUUM,VACUUM,VACUUM,VACUUM,VACUUM,VACUUM,MASK,MASK,MASK,MASK,MASK,MASK,MASK,MASK,MASK,MASK,MASK,MASK,MASK,MASK,MASK,MASK,MASK,MASK,MASK,MASK,MASK,MASK,MASK,MASK,MASK,MASK,MASK,MASK,MASK,MASK,MASK,MASK,MASK,MASK,MASK,MASK,MASK,MASK,MASK,MASK,MASK,MASK,MASK,MASK,MASK,MASK,MASK,MASK,MASK,MASK,MASK,MASK,MASK,MASK,MASK,MASK,MASK,MASK,MASK,MASK
MASK,MASK,MASK,MASK,MASK,MASK,MASK,MASK,MASK,MASK,MASK,MASK,MASK,MASK,MASK,MASK,MASK,MASK,MASK,MASK,MASK,MASK,MASK,MASK,MASK,MASK,MASK,MASK,MASK,MASK,MASK,MASK,MASK,MASK,MASK,MASK,MASK,MASK,MASK,MASK,MASK,MASK,MASK,MASK,MASK,MASK,MASK,MASK,MASK,MASK,MASK,MASK,MASK,MASK,MASK,MASK,MASK,MASK,MASK,MASK,VACUUM,VACUUM,VACUUM,VACUUM,VACUUM,VACUUM,VACUUM,VACUUM,VACUUM,VACUUM,VACUUM,VACUUM,VACUUM,VACUUM,VACUUM,VACUUM,VACUUM,VACUUM,VACUUM,VACUUM,VACUUM,VACUUM,VACUUM,VACUUM,VACUUM,VACUUM,VACUUM,VACUUM,VACUUM,VACUUM,VACUUM,VACUUM,VACUUM,VACUUM,VACUUM,VACUUM,VACUUM,VACUUM,VACUUM,VACUUM,VACUUM,VACUUM,VACUUM,VACUUM,VACUUM,VACUUM,VACUUM,VACUUM,VACUUM,VACUUM,VACUUM,VACUUM,VACUUM,VACUUM,VACUUM,VACUUM,VACUUM,VACUUM,VACUUM,VACUUM,MASK,MASK,MASK,MASK,MASK,MASK,MASK,MASK,MASK,MASK,MASK,MASK,MASK,MASK,MASK,MASK,MASK,MASK,MASK,MASK,MASK,MASK,MASK,MASK,MASK,MASK,MASK,MASK,MASK,MASK,MASK,MASK,MASK,MASK,MASK,MASK,MASK,MASK,MASK,MASK,MASK,MASK,MASK,MASK,MASK,MASK,MASK,MASK,MASK,MASK,MASK,MASK,MASK,MASK,MASK,MASK,MASK,MASK,MASK,MASK
VACUUM,VACUUM,VACUUM,VACUUM,VACUUM,VACUUM,VACUUM,VACUUM,VACUUM,VACUUM,VACUUM,VACUUM,VACUUM,VACUUM,VACUUM,VACUUM,VACUUM,VACUUM,VACUUM,VACUUM,VACUUM,VACUUM,VACUUM,VACUUM,VACUUM,VACUUM,VACUUM,VACUUM,VACUUM,VACUUM,VACUUM,VACUUM,VACUUM,VACUUM,VACUUM,VACUUM,VACUUM,VACUUM,VACUUM,VACUUM,VACUUM,VACUUM,VACUUM,VACUUM,VACUUM,VACUUM,VACUUM,VACUUM,VACUUM,VACUUM,VACUUM,VACUUM,VACUUM,VACUUM,VACUUM,VACUUM,VACUUM,VACUUM,VACUUM,VACUUM,VACUUM,VACUUM,VACUUM,VACUUM,VACUUM,VACUUM,VACUUM,VACUUM,VACUUM,VACUUM,VACUUM,VACUUM,VACUUM,VACUUM,VACUUM,VACUUM,VACUUM,VACUUM,VACUUM,VACUUM,VACUUM,VACUUM,VACUUM,VACUUM,VACUUM,VACUUM,VACUUM,VACUUM,VACUUM,VACUUM,VACUUM,VACUUM,VACUUM,VACUUM,VACUUM,VACUUM,VACUUM,VACUUM,VACUUM,VACUUM,VACUUM,VACUUM,VACUUM,VACUUM,VACUUM,VACUUM,VACUUM,VACUUM,VACUUM,VACUUM,VACUUM,VACUUM,VACUUM,VACUUM,VACUUM,VACUUM,VACUUM,VACUUM,VACUUM,VACUUM,VACUUM,VACUUM,VACUUM,VACUUM,VACUUM,VACUUM,VACUUM,VACUUM,VACUUM,VACUUM,VACUUM,VACUUM,VACUUM,VACUUM,VACUUM,VACUUM,VACUUM,VACUUM,VACUUM,VACUUM,VACUUM,VACUUM,VACUUM,VACUUM,VACUUM,VACUUM,VACUUM,VACUUM,VACUUM,VACUUM,VACUUM,VACUUM,VACUUM,VACUUM,VACUUM,VACUUM,VACUUM,VACUUM,VACUUM,VACUUM,VACUUM,VACUUM,VACUUM,VACUUM,VACUUM,VACUUM,VACUUM,VACUUM,VACUUM,VACUUM,VACUUM,VACUUM,VACUUM,VACUUM,VACUUM,VACUUM,VACUUM,VACUUM,VACUUM,VACUUM
VACUUM,VACUUM,VACUUM,VACUUM,VACUUM,VACUUM,VACUUM,VACUUM,VACUUM,VACUUM,VACUUM,VACUUM,VACUUM,VACUUM,VACUUM,VACUUM,VACUUM,VACUUM,VACUUM,VACUUM,VACUUM,VACUUM,VACUUM,VACUUM,VACUUM,VACUUM,VACUUM,VACUUM,VACUUM,VACUUM,VACUUM,VACUUM,VACUUM,VACUUM,VACUUM,VACUUM,VACUUM,VACUUM,VACUUM,VACUUM,VACUUM,VACUUM,VACUUM,VACUUM,VACUUM,VACUUM,VACUUM,VACUUM,VACUUM,VACUUM,VACUUM,VACUUM,VACUUM,VACUUM,VACUUM,VACUUM,VACUUM,VACUUM,VACUUM,VACUUM,VACUUM,VACUUM,VACUUM,VACUUM,VACUUM,VACUUM,VACUUM,VACUUM,VACUUM,VACUUM,VACUUM,VACUUM,VACUUM,VACUUM,VACUUM,VACUUM,VACUUM,VACUUM,VACUUM,VACUUM,VACUUM,VACUUM,VACUUM,VACUUM,VACUUM,VACUUM,VACUUM,VACUUM,VACUUM,VACUUM,VACUUM,VACUUM,VACUUM,VACUUM,VACUUM,VACUUM,VACUUM,VACUUM,VACUUM,VACUUM,VACUUM,VACUUM,VACUUM,VACUUM,VACUUM,VACUUM,VACUUM,VACUUM,VACUUM,VACUUM,VACUUM,VACUUM,VACUUM,VACUUM,VACUUM,VACUUM,VACUUM,VACUUM,VACUUM,VACUUM,VACUUM,VACUUM,VACUUM,VACUUM,VACUUM,VACUUM,VACUUM,VACUUM,VACUUM,VACUUM,VACUUM,VACUUM,VACUUM,VACUUM,VACUUM,VACUUM,VACUUM,VACUUM,VACUUM,VACUUM,VACUUM,VACUUM,VACUUM,VACUUM,VACUUM,VACUUM,VACUUM,VACUUM,VACUUM,VACUUM,VACUUM,VACUUM,VACUUM,VACUUM,VACUUM,VACUUM,VACUUM,VACUUM,VACUUM,VACUUM,VACUUM,VACUUM,VACUUM,VACUUM,VACUUM,VACUUM,VACUUM,VACUUM,VACUUM,VACUUM,VACUUM,VACUUM,VACUUM,VACUUM,VACUUM,VACUUM,VACUUM,VACUUM,VACUUM,VACUUM
VACUUM,VACUUM,VACUUM,VACUUM,VACUUM,VACUUM,VACUUM,VACUUM,VACUUM,VACUUM,VACUUM,VACUUM,VACUUM,VACUUM,VACUUM,VACUUM,VACUUM,VACUUM,VACUUM,VACUUM,VACUUM,VACUUM,VACUUM,VACUUM,VACUUM,VACUUM,VACUUM,VACUUM,VACUUM,VACUUM,VACUUM,VACUUM,VACUUM,VACUUM,VACUUM,VACUUM,VACUUM,VACUUM,VACUUM,VACUUM,VACUUM,VACUUM,VACUUM,VACUUM,VACUUM,VACUUM,VACUUM,VACUUM,VACUUM,VACUUM,VACUUM,VACUUM,VACUUM,VACUUM,VACUUM,VACUUM,VACUUM,VACUUM,VACUUM,VACUUM,VACUUM,VACUUM,VACUUM,VACUUM,VACUUM,VACUUM,VACUUM,VACUUM,VACUUM,VACUUM,VACUUM,VACUUM,VACUUM,VACUUM,VACUUM,VACUUM,VACUUM,VACUUM,VACUUM,VACUUM,VACUUM,VACUUM,VACUUM,VACUUM,VACUUM,VACUUM,VACUUM,VACUUM,VACUUM,VACUUM,VACUUM,VACUUM,VACUUM,VACUUM,VACUUM,VACUUM,VACUUM,VACUUM,VACUUM,VACUUM,VACUUM,VACUUM,VACUUM,VACUUM,VACUUM,VACUUM,VACUUM,VACUUM,VACUUM,VACUUM,VACUUM,VACUUM,VACUUM,VACUUM,VACUUM,VACUUM,VACUUM,VACUUM,VACUUM,VACUUM,VACUUM,VACUUM,VACUUM,VACUUM,VACUUM,VACUUM,VACUUM,VACUUM,VACUUM,VACUUM,VACUUM,VACUUM,VACUUM,VACUUM,VACUUM,VACUUM,VACUUM,VACUUM,VACUUM,VACUUM,VACUUM,VACUUM,VACUUM,VACUUM,VACUUM,VACUUM,VACUUM,VACUUM,VACUUM,VACUUM,VACUUM,VACUUM,VACUUM,VACUUM,VACUUM,VACUUM,VACUUM,VACUUM,VACUUM,VACUUM,VACUUM,VACUUM,VACUUM,VACUUM,VACUUM,VACUUM,VACUUM,VACUUM,VACUUM,VACUUM,VACUUM,VACUUM,VACUUM,VACUUM,VACUUM,VACUUM,VACUUM,VACUUM,VACUUM,VACUUM
VACUUM,VACUUM,VACUUM,VACUUM,VACUUM,VACUUM,VACUUM,VACUUM,VACUUM,VACUUM,VACUUM,VACUUM,VACUUM,VACUUM,VACUUM,VACUUM,VACUUM,VACUUM,VACUUM,VACUUM,VACUUM,VACUUM,VACUUM,VACUUM,VACUUM,VACUUM,VACUUM,VACUUM,VACUUM,VACUUM,VACUUM,VACUUM,VACUUM,VACUUM,VACUUM,VACUUM,VACUUM,VACUUM,VACUUM,VACUUM,VACUUM,VACUUM,VACUUM,VACUUM,VACUUM,VACUUM,VACUUM,VACUUM,VACUUM,VACUUM,VACUUM,VACUUM,VACUUM,VACUUM,VACUUM,VACUUM,VACUUM,VACUUM,VACUUM,VACUUM,VACUUM,VACUUM,VACUUM,VACUUM,VACUUM,VACUUM,VACUUM,VACUUM,VACUUM,VACUUM,VACUUM,VACUUM,VACUUM,VACUUM,VACUUM,VACUUM,VACUUM,VACUUM,VACUUM,VACUUM,VACUUM,VACUUM,VACUUM,VACUUM,VACUUM,VACUUM,VACUUM,VACUUM,VACUUM,VACUUM,VACUUM,VACUUM,VACUUM,VACUUM,VACUUM,VACUUM,VACUUM,VACUUM,VACUUM,VACUUM,VACUUM,VACUUM,VACUUM,VACUUM,VACUUM,VACUUM,VACUUM,VACUUM,VACUUM,VACUUM,VACUUM,VACUUM,VACUUM,VACUUM,VACUUM,VACUUM,VACUUM,VACUUM,VACUUM,VACUUM,VACUUM,VACUUM,VACUUM,VACUUM,VACUUM,VACUUM,VACUUM,VACUUM,VACUUM,VACUUM,VACUUM,VACUUM,VACUUM,VACUUM,VACUUM,VACUUM,VACUUM,VACUUM,VACUUM,VACUUM,VACUUM,VACUUM,VACUUM,VACUUM,VACUUM,VACUUM,VACUUM,VACUUM,VACUUM,VACUUM,VACUUM,VACUUM,VACUUM,VACUUM,VACUUM,VACUUM,VACUUM,VACUUM,VACUUM,VACUUM,VACUUM,VACUUM,VACUUM,VACUUM,VACUUM,VACUUM,VACUUM,VACUUM,VACUUM,VACUUM,VACUUM,VACUUM,VACUUM,VACUUM,VACUUM,VACUUM,VACUUM,VACUUM,VACUUM,VACUUM
VACUUM,VACUUM,VACUUM,VACUUM,VACUUM,VACUUM,VACUUM,VACUUM,VACUUM,VACUUM,VACUUM,VACUUM,VACUUM,VACUUM,VACUUM,VACUUM,VACUUM,VACUUM,VACUUM,VACUUM,VACUUM,VACUUM,VACUUM,VACUUM,VACUUM,VACUUM,VACUUM,VACUUM,VACUUM,VACUUM,VACUUM,VACUUM,VACUUM,VACUUM,VACUUM,VACUUM,VACUUM,VACUUM,VACUUM,VACUUM,VACUUM,VACUUM,VACUUM,VACUUM,VACUUM,VACUUM,VACUUM,VACUUM,VACUUM,VACUUM,VACUUM,VACUUM,VACUUM,VACUUM,VACUUM,VACUUM,VACUUM,VACUUM,VACUUM,VACUUM,VACUUM,VACUUM,VACUUM,VACUUM,VACUUM,VACUUM,VACUUM,VACUUM,VACUUM,VACUUM,VACUUM,VACUUM,VACUUM,VACUUM,VACUUM,VACUUM,VACUUM,VACUUM,VACUUM,VACUUM,VACUUM,VACUUM,VACUUM,VACUUM,VACUUM,VACUUM,VACUUM,VACUUM,VACUUM,VACUUM,VACUUM,VACUUM,VACUUM,VACUUM,VACUUM,VACUUM,VACUUM,VACUUM,VACUUM,VACUUM,VACUUM,VACUUM,VACUUM,VACUUM,VACUUM,VACUUM,VACUUM,VACUUM,VACUUM,VACUUM,VACUUM,VACUUM,VACUUM,VACUUM,VACUUM,VACUUM,VACUUM,VACUUM,VACUUM,VACUUM,VACUUM,VACUUM,VACUUM,VACUUM,VACUUM,VACUUM,VACUUM,VACUUM,VACUUM,VACUUM,VACUUM,VACUUM,VACUUM,VACUUM,VACUUM,VACUUM,VACUUM,VACUUM,VACUUM,VACUUM,VACUUM,VACUUM,VACUUM,VACUUM,VACUUM,VACUUM,VACUUM,VACUUM,VACUUM,VACUUM,VACUUM,VACUUM,VACUUM,VACUUM,VACUUM,VACUUM,VACUUM,VACUUM,VACUUM,VACUUM,VACUUM,VACUUM,VACUUM,VACUUM,VACUUM,VACUUM,VACUUM,VACUUM,VACUUM,VACUUM,VACUUM,VACUUM,VACUUM,VACUUM,VACUUM,VACUUM,VACUUM,VACUUM,VACUUM,VACUUM
VACUUM,VACUUM,VACUUM,VACUUM,VACUUM,VACUUM,VACUUM,VACUUM,VACUUM,VACUUM,VACUUM,VACUUM,VACUUM,VACUUM,VACUUM,VACUUM,VACUUM,VACUUM,VACUUM,VACUUM,VACUUM,VACUUM,VACUUM,VACUUM,VACUUM,VACUUM,VACUUM,VACUUM,VACUUM,VACUUM,VACUUM,VACUUM,VACUUM,VACUUM,VACUUM,VACUUM,VACUUM,VACUUM,VACUUM,VACUUM,VACUUM,VACUUM,VACUUM,VACUUM,VACUUM,VACUUM,VACUUM,VACUUM,VACUUM,VACUUM,VACUUM,VACUUM,VACUUM,VACUUM,VACUUM,VACUUM,VACUUM,VACUUM,VACUUM,VACUUM,VACUUM,VACUUM,VACUUM,VACUUM,VACUUM,VACUUM,VACUUM,VACUUM,VACUUM,VACUUM,VACUUM,VACUUM,VACUUM,VACUUM,VACUUM,VACUUM,VACUUM,VACUUM,VACUUM,VACUUM,VACUUM,VACUUM,VACUUM,VACUUM,VACUUM,VACUUM,VACUUM,VACUUM,VACUUM,VACUUM,VACUUM,VACUUM,VACUUM,VACUUM,VACUUM,VACUUM,VACUUM,VACUUM,VACUUM,VACUUM,VACUUM,VACUUM,VACUUM,VACUUM,VACUUM,VACUUM,VACUUM,VACUUM,VACUUM,VACUUM,VACUUM,VACUUM,VACUUM,VACUUM,VACUUM,VACUUM,VACUUM,VACUUM,VACUUM,VACUUM,VACUUM,VACUUM,VACUUM,VACUUM,VACUUM,VACUUM,VACUUM,VACUUM,VACUUM,VACUUM,VACUUM,VACUUM,VACUUM,VACUUM,VACUUM,VACUUM,VACUUM,VACUUM,VACUUM,VACUUM,VACUUM,VACUUM,VACUUM,VACUUM,VACUUM,VACUUM,VACUUM,VACUUM,VACUUM,VACUUM,VACUUM,VACUUM,VACUUM,VACUUM,VACUUM,VACUUM,VACUUM,VACUUM,VACUUM,VACUUM,VACUUM,VACUUM,VACUUM,VACUUM,VACUUM,VACUUM,VACUUM,VACUUM,VACUUM,VACUUM,VACUUM,VACUUM,VACUUM,VACUUM,VACUUM,VACUUM,VACUUM,VACUUM,VACUUM,VACUUM
VACUUM,VACUUM,VACUUM,VACUUM,VACUUM,VACUUM,VACUUM,VACUUM,VACUUM,VACUUM,VACUUM,VACUUM,VACUUM,VACUUM,VACUUM,VACUUM,VACUUM,VACUUM,VACUUM,VACUUM,VACUUM,VACUUM,VACUUM,VACUUM,VACUUM,VACUUM,VACUUM,VACUUM,VACUUM,VACUUM,VACUUM,VACUUM,VACUUM,VACUUM,VACUUM,VACUUM,VACUUM,VACUUM,VACUUM,VACUUM,VACUUM,VACUUM,VACUUM,VACUUM,VACUUM,VACUUM,VACUUM,VACUUM,VACUUM,VACUUM,VACUUM,VACUUM,VACUUM,VACUUM,VACUUM,VACUUM,VACUUM,VACUUM,VACUUM,VACUUM,VACUUM,VACUUM,VACUUM,VACUUM,VACUUM,VACUUM,VACUUM,VACUUM,VACUUM,VACUUM,VACUUM,VACUUM,VACUUM,VACUUM,VACUUM,VACUUM,VACUUM,VACUUM,VACUUM,VACUUM,VACUUM,VACUUM,VACUUM,VACUUM,VACUUM,VACUUM,VACUUM,VACUUM,VACUUM,VACUUM,VACUUM,VACUUM,VACUUM,VACUUM,VACUUM,VACUUM,VACUUM,VACUUM,VACUUM,VACUUM,VACUUM,VACUUM,VACUUM,VACUUM,VACUUM,VACUUM,VACUUM,VACUUM,VACUUM,VACUUM,VACUUM,VACUUM,VACUUM,VACUUM,VACUUM,VACUUM,VACUUM,VACUUM,VACUUM,VACUUM,VACUUM,VACUUM,VACUUM,VACUUM,VACUUM,VACUUM,VACUUM,VACUUM,VACUUM,VACUUM,VACUUM,VACUUM,VACUUM,VACUUM,VACUUM,VACUUM,VACUUM,VACUUM,VACUUM,VACUUM,VACUUM,VACUUM,VACUUM,VACUUM,VACUUM,VACUUM,VACUUM,VACUUM,VACUUM,VACUUM,VACUUM,VACUUM,VACUUM,VACUUM,VACUUM,VACUUM,VACUUM,VACUUM,VACUUM,VACUUM,VACUUM,VACUUM,VACUUM,VACUUM,VACUUM,VACUUM,VACUUM,VACUUM,VACUUM,VACUUM,VACUUM,VACUUM,VACUUM,VACUUM,VACUUM,VACUUM,VACUUM,VACUUM,VACUUM,VACUUM
VACUUM,VACUUM,VACUUM,VACUUM,VACUUM,VACUUM,VACUUM,VACUUM,VACUUM,VACUUM,VACUUM,VACUUM,VACUUM,VACUUM,VACUUM,VACUUM,VACUUM,VACUUM,VACUUM,VACUUM,VACUUM,VACUUM,VACUUM,VACUUM,VACUUM,VACUUM,VACUUM,VACUUM,VACUUM,VACUUM,VACUUM,VACUUM,VACUUM,VACUUM,VACUUM,VACUUM,VACUUM,VACUUM,VACUUM,VACUUM,VACUUM,VACUUM,VACUUM,VACUUM,VACUUM,VACUUM,VACUUM,VACUUM,VACUUM,VACUUM,VACUUM,VACUUM,VACUUM,VACUUM,VACUUM,VACUUM,VACUUM,VACUUM,VACUUM,VACUUM,VACUUM,VACUUM,VACUUM,VACUUM,VACUUM,VACUUM,VACUUM,VACUUM,VACUUM,VACUUM,VACUUM,VACUUM,VACUUM,VACUUM,VACUUM,VACUUM,VACUUM,VACUUM,VACUUM,VACUUM,VACUUM,VACUUM,VACUUM,VACUUM,VACUUM,VACUUM,VACUUM,VACUUM,VACUUM,VACUUM,VACUUM,VACUUM,VACUUM,VACUUM,VACUUM,VACUUM,VACUUM,VACUUM,VACUUM,VACUUM,VACUUM,VACUUM,VACUUM,VACUUM,VACUUM,VACUUM,VACUUM,VACUUM,VACUUM,VACUUM,VACUUM,VACUUM,VACUUM,VACUUM,VACUUM,VACUUM,VACUUM,VACUUM,VACUUM,VACUUM,VACUUM,VACUUM,VACUUM,VACUUM,VACUUM,VACUUM,VACUUM,VACUUM,VACUUM,VACUUM,VACUUM,VACUUM,VACUUM,VACUUM,VACUUM,VACUUM,VACUUM,VACUUM,VACUUM,VACUUM,VACUUM,VACUUM,VACUUM,VACUUM,VACUUM,VACUUM,VACUUM,VACUUM,VACUUM,VACUUM,VACUUM,VACUUM,VACUUM,VACUUM,VACUUM,VACUUM,VACUUM,VACUUM,VACUUM,VACUUM,VACUUM,VACUUM,VACUUM,VACUUM,VACUUM,VACUUM,VACUUM,VACUUM,VACUUM,VACUUM,VACUUM,VACUUM,VACUUM,VACUUM,VACUUM,VACUUM,VACUUM,VACUUM,VACUUM,VACUUM
VACUUM,VACUUM,VACUUM,VACUUM,VACUUM,VACUUM,VACUUM,VACUUM,VACUUM,VACUUM,VACUUM,VACUUM,VACUUM,VACUUM,VACUUM,VACUUM,VACUUM,VACUUM,VACUUM,VACUUM,VACUUM,VACUUM,VACUUM,VACUUM,VACUUM,VACUUM,VACUUM,VACUUM,VACUUM,VACUUM,VACUUM,VACUUM,VACUUM,VACUUM,VACUUM,VACUUM,VACUUM,VACUUM,VACUUM,VACUUM,VACUUM,VACUUM,VACUUM,VACUUM,VACUUM,VACUUM,VACUUM,VACUUM,VACUUM,VACUUM,VACUUM,VACUUM,VACUUM,VACUUM,VACUUM,VACUUM,VACUUM,VACUUM,VACUUM,VACUUM,VACUUM,VACUUM,VACUUM,VACUUM,VACUUM,VACUUM,VACUUM,VACUUM,VACUUM,VACUUM,VACUUM,VACUUM,VACUUM,VACUUM,VACUUM,VACUUM,VACUUM,VACUUM,VACUUM,VACUUM,VACUUM,VACUUM,VACUUM,VACUUM,VACUUM,VACUUM,VACUUM,VACUUM,VACUUM,VACUUM,VACUUM,VACUUM,VACUUM,VACUUM,VACUUM,VACUUM,VACUUM,VACUUM,VACUUM,VACUUM,VACUUM,VACUUM,VACUUM,VACUUM,VACUUM,VACUUM,VACUUM,VACUUM,VACUUM,VACUUM,VACUUM,VACUUM,VACUUM,VACUUM,VACUUM,VACUUM,VACUUM,VACUUM,VACUUM,VACUUM,VACUUM,VACUUM,VACUUM,VACUUM,VACUUM,VACUUM,VACUUM,VACUUM,VACUUM,VACUUM,VACUUM,VACUUM,VACUUM,VACUUM,VACUUM,VACUUM,VACUUM,VACUUM,VACUUM,VACUUM,VACUUM,VACUUM,VACUUM,VACUUM,VACUUM,VACUUM,VACUUM,VACUUM,VACUUM,VACUUM,VACUUM,VACUUM,VACUUM,VACUUM,VACUUM,VACUUM,VACUUM,VACUUM,VACUUM,VACUUM,VACUUM,VACUUM,VACUUM,VACUUM,VACUUM,VACUUM,VACUUM,VACUUM,VACUUM,VACUUM,VACUUM,VACUUM,VACUUM,VACUUM,VACUUM,VACUUM,VACUUM,VACUUM,VACUUM,VACUUM
VACUUM,VACUUM,VACUUM,VACUUM,VACUUM,VACUUM,VACUUM,VACUUM,VACUUM,VACUUM,VACUUM,VACUUM,VACUUM,VACUUM,VACUUM,VACUUM,VACUUM,VACUUM,VACUUM,VACUUM,VACUUM,VACUUM,VACUUM,VACUUM,VACUUM,VACUUM,VACUUM,VACUUM,VACUUM,VACUUM,VACUUM,VACUUM,VACUUM,VACUUM,VACUUM,VACUUM,VACUUM,VACUUM,VACUUM,VACUUM,VACUUM,VACUUM,VACUUM,VACUUM,VACUUM,VACUUM,VACUUM,VACUUM,VACUUM,VACUUM,VACUUM,VACUUM,VACUUM,VACUUM,VACUUM,VACUUM,VACUUM,VACUUM,VACUUM,VACUUM,VACUUM,VACUUM,VACUUM,VACUUM,VACUUM,VACUUM,VACUUM,VACUUM,VACUUM,VACUUM,VACUUM,VACUUM,VACUUM,VACUUM,VACUUM,VACUUM,VACUUM,VACUUM,VACUUM,VACUUM,VACUUM,VACUUM,VACUUM,VACUUM,VACUUM,VACUUM,VACUUM,VACUUM,VACUUM,VACUUM,VACUUM,VACUUM,VACUUM,VACUUM,VACUUM,VACUUM,VACUUM,VACUUM,VACUUM,VACUUM,VACUUM,VACUUM,VACUUM,VACUUM,VACUUM,VACUUM,VACUUM,VACUUM,VACUUM,VACUUM,VACUUM,VACUUM,VACUUM,VACUUM,VACUUM,VACUUM,VACUUM,VACUUM,VACUUM,VACUUM,VACUUM,VACUUM,VACUUM,VACUUM,VACUUM,VACUUM,VACUUM,VACUUM,VACUUM,VACUUM,VACUUM,VACUUM,VACUUM,VACUUM,VACUUM,VACUUM,VACUUM,VACUUM,VACUUM,VACUUM,VACUUM,VACUUM,VACUUM,VACUUM,VACUUM,VACUUM,VACUUM,VACUUM,VACUUM,VACUUM,VACUUM,VACUUM,VACUUM,VACUUM,VACUUM,VACUUM,VACUUM,VACUUM,VACUUM,VACUUM,VACUUM,VACUUM,VACUUM,VACUUM,VACUUM,VACUUM,VACUUM,VACUUM,VACUUM,VACUUM,VACUUM,VACUUM,VACUUM,VACUUM,VACUUM,VACUUM,VACUUM,VACUUM,VACUUM,VACUUM
